,PassengerId,Pclass,Name,Sex,Age,SibSp,Parch,Ticket,Fare,Cabin,Embarked,Survived
798,799.0,3.0,2.0,male,30.0,0.0,0.0,1.0,7.2292,,C,
461,462.0,3.0,2.0,male,34.0,0.0,0.0,1.0,8.05,,S,
298,299.0,1.0,2.0,male,,0.0,0.0,1.0,30.5,C106,S,
291,292.0,1.0,2.0,female,19.0,1.0,0.0,1.0,91.0792,B49,C,
523,524.0,1.0,2.0,female,44.0,0.0,1.0,1.0,57.9792,B18,C,
842,843.0,1.0,2.0,female,30.0,0.0,0.0,1.0,31.0,,C,
720,721.0,2.0,2.0,female,6.0,0.0,1.0,1.0,33.0,,S,
472,473.0,2.0,2.0,female,33.0,1.0,2.0,1.0,27.75,,S,
101,102.0,3.0,2.0,male,,0.0,0.0,1.0,7.8958,,S,
191,192.0,2.0,2.0,male,19.0,0.0,0.0,1.0,13.0,,S,
63,64.0,3.0,2.0,male,4.0,3.0,2.0,1.0,27.9,,S,
44,45.0,3.0,2.0,female,19.0,0.0,0.0,1.0,7.8792,,Q,
205,206.0,3.0,2.0,female,2.0,0.0,1.0,1.0,10.4625,G6,S,
794,795.0,3.0,2.0,male,25.0,0.0,0.0,1.0,7.8958,,S,
474,475.0,3.0,2.0,female,22.0,0.0,0.0,1.0,9.8375,,S,
582,583.0,2.0,2.0,male,54.0,0.0,0.0,1.0,26.0,,S,
850,851.0,3.0,2.0,male,4.0,4.0,2.0,1.0,31.275,,S,
382,383.0,3.0,2.0,male,32.0,0.0,0.0,2.0,7.925,,S,
604,605.0,1.0,2.0,male,35.0,0.0,0.0,1.0,26.55,,C,
358,359.0,3.0,2.0,female,,0.0,0.0,1.0,7.8792,,Q,
547,548.0,2.0,2.0,male,,0.0,0.0,2.0,13.8625,,C,
684,685.0,2.0,2.0,male,60.0,1.0,1.0,1.0,39.0,,S,
812,813.0,2.0,2.0,male,35.0,0.0,0.0,1.0,10.5,,S,
667,668.0,3.0,2.0,male,,0.0,0.0,1.0,7.775,,S,
478,479.0,3.0,2.0,male,22.0,0.0,0.0,1.0,7.5208,,S,
488,489.0,3.0,2.0,male,30.0,0.0,0.0,1.0,8.05,,S,
723,724.0,2.0,2.0,male,50.0,0.0,0.0,1.0,13.0,,S,
577,578.0,1.0,2.0,female,39.0,1.0,0.0,1.0,55.9,E44,S,
159,160.0,3.0,2.0,male,,8.0,2.0,1.0,69.55,,S,
203,204.0,3.0,2.0,male,45.5,0.0,0.0,1.0,7.225,,C,
332,333.0,1.0,2.0,male,38.0,0.0,1.0,1.0,153.4625,C91,S,
208,209.0,3.0,2.0,female,16.0,0.0,0.0,1.0,7.75,,Q,
805,806.0,3.0,2.0,male,31.0,0.0,0.0,1.0,7.775,,S,
287,288.0,3.0,2.0,male,22.0,0.0,0.0,1.0,7.8958,,S,
419,420.0,3.0,2.0,female,10.0,0.0,2.0,1.0,24.15,,S,
64,65.0,1.0,2.0,male,,0.0,0.0,1.0,27.7208,,C,
884,885.0,3.0,2.0,male,25.0,0.0,0.0,2.0,7.05,,S,
311,312.0,1.0,2.0,female,18.0,2.0,2.0,1.0,262.375,B57 B59 B63 B66,C,
515,516.0,1.0,2.0,male,47.0,0.0,0.0,1.0,34.0208,D46,S,
587,588.0,1.0,2.0,male,60.0,1.0,1.0,1.0,79.2,B41,C,
206,207.0,3.0,2.0,male,32.0,1.0,0.0,1.0,15.85,,S,
394,395.0,3.0,2.0,female,24.0,0.0,2.0,1.0,16.7,G6,S,
52,53.0,1.0,2.0,female,49.0,1.0,0.0,1.0,76.7292,D33,C,
229,230.0,3.0,2.0,female,,3.0,1.0,1.0,25.4667,,S,
123,124.0,2.0,2.0,female,32.5,0.0,0.0,1.0,13.0,E101,S,
690,691.0,1.0,2.0,male,31.0,1.0,0.0,1.0,57.0,B20,S,
200,201.0,3.0,2.0,male,28.0,0.0,0.0,1.0,9.5,,S,
657,658.0,3.0,2.0,female,32.0,1.0,1.0,1.0,15.5,,Q,
32,33.0,3.0,2.0,female,,0.0,0.0,1.0,7.75,,Q,
518,519.0,2.0,2.0,female,36.0,1.0,0.0,1.0,26.0,,S,
759,760.0,1.0,2.0,female,33.0,0.0,0.0,1.0,86.5,B77,S,
271,272.0,3.0,2.0,male,25.0,0.0,0.0,1.0,0.0,,S,
137,138.0,1.0,2.0,male,37.0,1.0,0.0,1.0,53.1,C123,S,
26,27.0,3.0,2.0,male,,0.0,0.0,1.0,7.225,,C,
566,567.0,3.0,2.0,male,19.0,0.0,0.0,1.0,7.8958,,S,
481,482.0,2.0,2.0,male,,0.0,0.0,1.0,0.0,,S,
414,415.0,3.0,2.0,male,44.0,0.0,0.0,2.0,7.925,,S,
269,270.0,1.0,2.0,female,35.0,0.0,0.0,1.0,135.6333,C99,S,
389,390.0,2.0,2.0,female,17.0,0.0,0.0,1.0,12.0,,C,
43,44.0,2.0,2.0,female,3.0,1.0,2.0,2.0,41.5792,,C,
784,785.0,3.0,2.0,male,25.0,0.0,0.0,2.0,7.05,,S,
331,332.0,1.0,2.0,male,45.5,0.0,0.0,1.0,28.5,C124,S,
17,18.0,2.0,2.0,male,,0.0,0.0,1.0,13.0,,S,
111,112.0,3.0,2.0,female,14.5,1.0,0.0,1.0,14.4542,,C,
555,556.0,1.0,2.0,male,62.0,0.0,0.0,1.0,26.55,,S,
189,190.0,3.0,2.0,male,36.0,0.0,0.0,1.0,7.8958,,S,
243,244.0,3.0,2.0,male,22.0,0.0,0.0,2.0,7.125,,S,
145,146.0,2.0,2.0,male,19.0,1.0,1.0,1.0,36.75,,S,
327,328.0,2.0,2.0,female,36.0,0.0,0.0,1.0,13.0,D,S,
446,447.0,2.0,2.0,female,13.0,0.0,1.0,1.0,19.5,,S,
275,276.0,1.0,2.0,female,63.0,1.0,0.0,1.0,77.9583,D7,S,
343,344.0,2.0,2.0,male,25.0,0.0,0.0,1.0,13.0,,S,
392,393.0,3.0,2.0,male,28.0,2.0,0.0,1.0,7.925,,S,
477,478.0,3.0,2.0,male,29.0,1.0,0.0,1.0,7.0458,,S,
487,488.0,1.0,2.0,male,58.0,0.0,0.0,1.0,29.7,B37,C,
375,376.0,1.0,2.0,female,,1.0,0.0,1.0,82.1708,,C,
366,367.0,1.0,2.0,female,60.0,1.0,0.0,1.0,75.25,D37,C,
263,264.0,1.0,2.0,male,40.0,0.0,0.0,1.0,0.0,B94,S,
864,865.0,2.0,2.0,male,24.0,0.0,0.0,1.0,13.0,,S,
187,188.0,1.0,2.0,male,45.0,0.0,0.0,1.0,26.55,,S,
466,467.0,2.0,2.0,male,,0.0,0.0,1.0,0.0,,S,
318,319.0,1.0,2.0,female,31.0,0.0,2.0,1.0,164.8667,C7,S,
619,620.0,2.0,2.0,male,26.0,0.0,0.0,1.0,10.5,,S,
357,358.0,2.0,2.0,female,38.0,0.0,0.0,1.0,13.0,,S,
162,163.0,3.0,2.0,male,26.0,0.0,0.0,1.0,7.775,,S,
732,733.0,2.0,2.0,male,,0.0,0.0,1.0,0.0,,S,
709,710.0,3.0,2.0,male,,1.0,1.0,1.0,15.2458,,C,
638,639.0,3.0,2.0,female,41.0,0.0,5.0,1.0,39.6875,,S,
198,199.0,3.0,2.0,female,,0.0,0.0,1.0,7.75,,Q,
344,345.0,2.0,2.0,male,36.0,0.0,0.0,1.0,13.0,,S,
283,284.0,3.0,2.0,male,19.0,0.0,0.0,2.0,8.05,,S,
266,267.0,3.0,2.0,male,16.0,4.0,1.0,1.0,39.6875,,S,
393,394.0,1.0,2.0,female,23.0,1.0,0.0,1.0,113.275,D36,C,
848,849.0,2.0,2.0,male,28.0,0.0,1.0,1.0,33.0,,S,
562,563.0,2.0,2.0,male,28.0,0.0,0.0,1.0,13.5,,S,
436,437.0,3.0,2.0,female,21.0,2.0,2.0,2.0,34.375,,S,
421,422.0,3.0,2.0,male,21.0,0.0,0.0,2.0,7.7333,,Q,
442,443.0,3.0,2.0,male,25.0,1.0,0.0,1.0,7.775,,S,
775,776.0,3.0,2.0,male,18.0,0.0,0.0,1.0,7.75,,S,
464,465.0,3.0,2.0,male,,0.0,0.0,2.0,8.05,,S,
767,768.0,3.0,2.0,female,30.5,0.0,0.0,1.0,7.75,,Q,
567,568.0,3.0,2.0,female,29.0,0.0,4.0,1.0,21.075,,S,
854,855.0,2.0,2.0,female,44.0,1.0,0.0,1.0,26.0,,S,
16,17.0,3.0,2.0,male,2.0,4.0,1.0,1.0,29.125,,Q,
862,863.0,1.0,2.0,female,48.0,0.0,0.0,1.0,25.9292,D17,S,
504,505.0,1.0,2.0,female,16.0,0.0,0.0,1.0,86.5,B79,S,
324,325.0,3.0,2.0,male,,8.0,2.0,1.0,69.55,,S,
625,626.0,1.0,2.0,male,61.0,0.0,0.0,1.0,32.3208,D50,S,
108,109.0,3.0,2.0,male,38.0,0.0,0.0,1.0,7.8958,,S,
530,531.0,2.0,2.0,female,2.0,1.0,1.0,1.0,26.0,,S,
687,688.0,3.0,2.0,male,19.0,0.0,0.0,1.0,10.1708,,S,
838,839.0,3.0,2.0,male,32.0,0.0,0.0,1.0,56.4958,,S,
107,108.0,3.0,2.0,male,,0.0,0.0,1.0,7.775,,S,
257,258.0,1.0,2.0,female,30.0,0.0,0.0,1.0,86.5,B77,S,
702,703.0,3.0,2.0,female,18.0,0.0,1.0,1.0,14.4542,,C,
127,128.0,3.0,2.0,male,24.0,0.0,0.0,1.0,7.1417,,S,
103,104.0,3.0,2.0,male,33.0,0.0,0.0,1.0,8.6542,,S,
492,493.0,1.0,2.0,male,55.0,0.0,0.0,1.0,30.5,C30,S,
120,121.0,2.0,2.0,male,21.0,2.0,0.0,1.0,73.5,,S,
782,783.0,1.0,2.0,male,29.0,0.0,0.0,1.0,30.0,D6,S,
247,248.0,2.0,2.0,female,24.0,0.0,2.0,1.0,14.5,,S,
451,452.0,3.0,2.0,male,,1.0,0.0,1.0,19.9667,,S,
753,754.0,3.0,2.0,male,23.0,0.0,0.0,1.0,7.8958,,S,
502,503.0,3.0,2.0,female,,0.0,0.0,1.0,7.6292,,Q,
157,158.0,3.0,2.0,male,30.0,0.0,0.0,2.0,8.05,,S,
779,780.0,1.0,2.0,female,43.0,0.0,1.0,1.0,211.3375,B3,S,
736,737.0,3.0,2.0,female,48.0,1.0,3.0,2.0,34.375,,S,
277,278.0,2.0,2.0,male,,0.0,0.0,1.0,0.0,,S,
532,533.0,3.0,2.0,male,17.0,1.0,1.0,1.0,7.2292,,C,
339,340.0,1.0,2.0,male,45.0,0.0,0.0,1.0,35.5,T,S,
441,442.0,3.0,2.0,male,20.0,0.0,0.0,1.0,9.5,,S,
827,828.0,2.0,2.0,male,1.0,0.0,2.0,2.0,37.0042,,C,
762,763.0,3.0,2.0,male,20.0,0.0,0.0,1.0,7.2292,,C,
256,257.0,1.0,2.0,female,,0.0,0.0,1.0,79.2,,C,
890,891.0,3.0,2.0,male,32.0,0.0,0.0,1.0,7.75,,Q,
823,824.0,3.0,2.0,female,27.0,0.0,1.0,1.0,12.475,E121,S,
665,666.0,2.0,2.0,male,32.0,2.0,0.0,1.0,73.5,,S,
58,59.0,2.0,2.0,female,5.0,1.0,2.0,1.0,27.75,,S,
606,607.0,3.0,2.0,male,30.0,0.0,0.0,1.0,7.8958,,S,
54,55.0,1.0,2.0,male,65.0,0.0,1.0,1.0,61.9792,B30,C,
584,585.0,3.0,2.0,male,,0.0,0.0,1.0,8.7125,,C,
778,779.0,3.0,2.0,male,,0.0,0.0,1.0,7.7375,,Q,
384,385.0,3.0,2.0,male,,0.0,0.0,1.0,7.8958,,S,
837,838.0,3.0,2.0,male,,0.0,0.0,1.0,8.05,,S,
632,633.0,1.0,2.0,male,32.0,0.0,0.0,1.0,30.5,B50,C,
334,335.0,1.0,2.0,female,,1.0,0.0,1.0,133.65,,S,
538,539.0,3.0,2.0,male,,0.0,0.0,1.0,14.5,,S,
875,876.0,3.0,2.0,female,15.0,0.0,0.0,1.0,7.225,,C,
707,708.0,1.0,2.0,male,42.0,0.0,0.0,1.0,26.2875,E24,S,
307,308.0,1.0,2.0,female,17.0,1.0,0.0,1.0,108.9,C65,C,
4,5.0,3.0,2.0,male,35.0,0.0,0.0,1.0,8.05,,S,
300,301.0,3.0,2.0,female,,0.0,0.0,1.0,7.75,,Q,
835,836.0,1.0,2.0,female,39.0,1.0,1.0,1.0,83.1583,E49,C,
221,222.0,2.0,2.0,male,27.0,0.0,0.0,1.0,13.0,,S,
48,49.0,3.0,2.0,male,,2.0,0.0,1.0,21.6792,,C,
72,73.0,2.0,2.0,male,21.0,0.0,0.0,1.0,73.5,,S,
40,41.0,3.0,2.0,female,40.0,1.0,0.0,1.0,9.475,,S,
29,30.0,3.0,2.0,male,,0.0,0.0,1.0,7.8958,,S,
612,613.0,3.0,2.0,female,,1.0,0.0,1.0,15.5,,Q,
462,463.0,1.0,2.0,male,47.0,0.0,0.0,1.0,38.5,E63,S,
115,116.0,3.0,2.0,male,21.0,0.0,0.0,2.0,7.925,,S,
860,861.0,3.0,2.0,male,41.0,2.0,0.0,1.0,14.1083,,S,
428,429.0,3.0,2.0,male,,0.0,0.0,1.0,7.75,,Q,
194,195.0,1.0,2.0,female,44.0,0.0,0.0,1.0,27.7208,B4,C,
729,730.0,3.0,2.0,female,25.0,1.0,0.0,2.0,7.925,,S,
261,262.0,3.0,2.0,male,3.0,4.0,2.0,1.0,31.3875,,S,
660,661.0,1.0,2.0,male,50.0,2.0,0.0,1.0,133.65,,S,
97,98.0,1.0,2.0,male,23.0,0.0,1.0,1.0,63.3583,D10 D12,C,
549,550.0,2.0,2.0,male,8.0,1.0,1.0,1.0,36.75,,S,
748,749.0,1.0,2.0,male,19.0,1.0,0.0,1.0,53.1,D30,S,
649,650.0,3.0,2.0,female,23.0,0.0,0.0,1.0,7.55,,S,
89,90.0,3.0,2.0,male,24.0,0.0,0.0,1.0,8.05,,S,
226,227.0,2.0,2.0,male,19.0,0.0,0.0,2.0,10.5,,S,
483,484.0,3.0,2.0,female,63.0,0.0,0.0,1.0,9.5875,,S,
94,95.0,3.0,2.0,male,59.0,0.0,0.0,1.0,7.25,,S,
400,401.0,3.0,2.0,male,39.0,0.0,0.0,2.0,7.925,,S,
325,326.0,1.0,2.0,female,36.0,0.0,0.0,1.0,135.6333,C32,C,
501,502.0,3.0,2.0,female,21.0,0.0,0.0,1.0,7.75,,Q,
232,233.0,2.0,2.0,male,59.0,0.0,0.0,1.0,13.5,,S,
28,29.0,3.0,2.0,female,,0.0,0.0,1.0,7.8792,,Q,
371,372.0,3.0,2.0,male,18.0,1.0,0.0,1.0,6.4958,,S,
524,525.0,3.0,2.0,male,,0.0,0.0,1.0,7.2292,,C,
328,329.0,3.0,2.0,female,31.0,1.0,1.0,1.0,20.525,,S,
663,664.0,3.0,2.0,male,36.0,0.0,0.0,1.0,7.4958,,S,
387,388.0,2.0,2.0,female,36.0,0.0,0.0,1.0,13.0,,S,
563,564.0,3.0,2.0,male,,0.0,0.0,2.0,8.05,,S,
470,471.0,3.0,2.0,male,,0.0,0.0,1.0,7.25,,S,
841,842.0,2.0,2.0,male,16.0,0.0,0.0,2.0,10.5,,S,
855,856.0,3.0,2.0,female,18.0,0.0,1.0,1.0,9.35,,S,
316,317.0,2.0,2.0,female,24.0,1.0,0.0,1.0,26.0,,S,
148,149.0,2.0,2.0,male,36.5,0.0,2.0,1.0,26.0,F2,S,
480,481.0,3.0,2.0,male,9.0,5.0,2.0,1.0,46.9,,S,
152,153.0,3.0,2.0,male,55.5,0.0,0.0,1.0,8.05,,S,
770,771.0,3.0,2.0,male,24.0,0.0,0.0,1.0,9.5,,S,
792,793.0,3.0,2.0,female,,8.0,2.0,1.0,69.55,,S,
757,758.0,2.0,2.0,male,18.0,0.0,0.0,1.0,11.5,,S,
453,454.0,1.0,2.0,male,49.0,1.0,0.0,1.0,89.1042,C92,C,
136,137.0,1.0,2.0,female,19.0,0.0,2.0,1.0,26.2833,D47,S,
624,625.0,3.0,2.0,male,21.0,0.0,0.0,1.0,16.1,,S,
876,877.0,3.0,2.0,male,20.0,0.0,0.0,1.0,9.8458,,S,
106,107.0,3.0,2.0,female,21.0,0.0,0.0,1.0,7.65,,S,
650,651.0,3.0,2.0,male,,0.0,0.0,1.0,7.8958,,S,
636,637.0,3.0,2.0,male,32.0,0.0,0.0,2.0,7.925,,S,
305,306.0,1.0,2.0,male,0.92,1.0,2.0,1.0,151.55,C22 C26,S,
819,820.0,3.0,2.0,male,10.0,3.0,2.0,1.0,27.9,,S,
423,424.0,3.0,2.0,female,28.0,1.0,1.0,1.0,14.4,,S,
595,596.0,3.0,2.0,male,36.0,1.0,1.0,1.0,24.15,,S,
230,231.0,1.0,2.0,female,35.0,1.0,0.0,1.0,83.475,C83,S,
768,769.0,3.0,2.0,male,,1.0,0.0,1.0,24.15,,Q,
648,649.0,3.0,2.0,male,,0.0,0.0,2.0,7.55,,S,
242,243.0,2.0,2.0,male,29.0,0.0,0.0,2.0,10.5,,S,
353,354.0,3.0,2.0,male,25.0,1.0,0.0,1.0,17.8,,S,
146,147.0,3.0,2.0,male,27.0,0.0,0.0,1.0,7.7958,,S,
262,263.0,1.0,2.0,male,52.0,1.0,1.0,1.0,79.65,E67,S,
273,274.0,1.0,2.0,male,37.0,0.0,1.0,1.0,29.7,C118,C,
279,280.0,3.0,2.0,female,35.0,1.0,1.0,1.0,20.25,,S,
777,778.0,3.0,2.0,female,5.0,0.0,0.0,1.0,12.475,,S,
765,766.0,1.0,2.0,female,51.0,1.0,0.0,1.0,77.9583,D11,S,
264,265.0,3.0,2.0,female,,0.0,0.0,1.0,7.75,,Q,
593,594.0,3.0,2.0,female,,0.0,2.0,1.0,7.75,,Q,
105,106.0,3.0,2.0,male,28.0,0.0,0.0,1.0,7.8958,,S,
408,409.0,3.0,2.0,male,21.0,0.0,0.0,1.0,7.775,,S,
714,715.0,2.0,2.0,male,52.0,0.0,0.0,1.0,13.0,,S,
539,540.0,1.0,2.0,female,22.0,0.0,2.0,1.0,49.5,B39,C,
303,304.0,2.0,2.0,female,,0.0,0.0,1.0,12.35,E101,Q,
333,334.0,3.0,2.0,male,16.0,2.0,0.0,1.0,18.0,,S,
482,483.0,3.0,2.0,male,50.0,0.0,0.0,2.0,8.05,,S,
176,177.0,3.0,2.0,male,,3.0,1.0,1.0,25.4667,,S,
882,883.0,3.0,2.0,female,22.0,0.0,0.0,1.0,10.5167,,S,
438,439.0,1.0,2.0,male,64.0,1.0,4.0,1.0,263.0,C23 C25 C27,S,
66,67.0,2.0,2.0,female,29.0,0.0,0.0,1.0,10.5,F33,S,
754,755.0,2.0,2.0,female,48.0,1.0,2.0,1.0,65.0,,S,
788,789.0,3.0,2.0,male,1.0,1.0,2.0,1.0,20.575,,S,
688,689.0,3.0,2.0,male,18.0,0.0,0.0,1.0,7.7958,,S,
330,331.0,3.0,2.0,female,,2.0,0.0,1.0,23.25,,Q,
402,403.0,3.0,2.0,female,21.0,1.0,0.0,1.0,9.825,,S,
202,203.0,3.0,2.0,male,34.0,0.0,0.0,1.0,6.4958,,S,
844,845.0,3.0,2.0,male,17.0,0.0,0.0,1.0,8.6625,,S,
531,532.0,3.0,2.0,male,,0.0,0.0,1.0,7.2292,,C,
150,151.0,2.0,2.0,male,51.0,0.0,0.0,1.0,12.525,,S,
596,597.0,2.0,2.0,female,,0.0,0.0,1.0,33.0,,S,
23,24.0,1.0,2.0,male,28.0,0.0,0.0,1.0,35.5,A6,S,
53,54.0,2.0,2.0,female,29.0,1.0,0.0,1.0,26.0,,S,
528,529.0,3.0,2.0,male,39.0,0.0,0.0,1.0,7.925,,S,
787,788.0,3.0,2.0,male,8.0,4.0,1.0,1.0,29.125,,Q,
682,683.0,3.0,2.0,male,20.0,0.0,0.0,1.0,9.225,,S,
284,285.0,1.0,2.0,male,,0.0,0.0,1.0,26.0,A19,S,
361,362.0,2.0,2.0,male,29.0,1.0,0.0,2.0,27.7208,,C,
833,834.0,3.0,2.0,male,23.0,0.0,0.0,1.0,7.8542,,S,
506,507.0,2.0,2.0,female,33.0,0.0,2.0,1.0,26.0,,S,
554,555.0,3.0,2.0,female,22.0,0.0,0.0,1.0,7.775,,S,
490,491.0,3.0,2.0,male,,1.0,0.0,1.0,19.9667,,S,
315,316.0,3.0,2.0,female,26.0,0.0,0.0,1.0,7.8542,,S,
190,191.0,2.0,2.0,female,32.0,0.0,0.0,1.0,13.0,,S,
467,468.0,1.0,2.0,male,56.0,0.0,0.0,1.0,26.55,,S,
359,360.0,3.0,2.0,female,,0.0,0.0,1.0,7.8792,,Q,
883,884.0,2.0,2.0,male,28.0,0.0,0.0,2.0,10.5,,S,
586,587.0,2.0,2.0,male,47.0,0.0,0.0,1.0,15.0,,S,
494,495.0,3.0,2.0,male,21.0,0.0,0.0,2.0,8.05,,S,
717,718.0,2.0,2.0,female,27.0,0.0,0.0,1.0,10.5,E101,S,
766,767.0,1.0,2.0,male,,0.0,0.0,1.0,39.6,,C,
335,336.0,3.0,2.0,male,,0.0,0.0,1.0,7.8958,,S,
236,237.0,2.0,2.0,male,44.0,1.0,0.0,1.0,26.0,,S,
573,574.0,3.0,2.0,female,,0.0,0.0,1.0,7.75,,Q,
225,226.0,3.0,2.0,male,22.0,0.0,0.0,1.0,9.35,,S,
31,32.0,1.0,2.0,female,,1.0,0.0,1.0,146.5208,B78,C,
503,504.0,3.0,2.0,female,37.0,0.0,0.0,1.0,9.5875,,S,
460,461.0,1.0,2.0,male,48.0,0.0,0.0,1.0,26.55,E12,S,
608,609.0,2.0,2.0,female,22.0,1.0,2.0,2.0,41.5792,,C,
21,22.0,2.0,2.0,male,34.0,0.0,0.0,1.0,13.0,D56,S,
651,652.0,2.0,2.0,female,18.0,0.0,1.0,1.0,23.0,,S,
810,811.0,3.0,2.0,male,26.0,0.0,0.0,1.0,7.8875,,S,
416,417.0,2.0,2.0,female,34.0,1.0,1.0,1.0,32.5,,S,
605,606.0,3.0,2.0,male,36.0,1.0,0.0,1.0,15.55,,S,
536,537.0,1.0,2.0,male,45.0,0.0,0.0,1.0,26.55,B38,S,
458,459.0,2.0,2.0,female,50.0,0.0,0.0,1.0,10.5,,S,
617,618.0,3.0,2.0,female,26.0,1.0,0.0,2.0,16.1,,S,
519,520.0,3.0,2.0,male,32.0,0.0,0.0,1.0,7.8958,,S,
285,286.0,3.0,2.0,male,33.0,0.0,0.0,1.0,8.6625,,C,
163,164.0,3.0,2.0,male,17.0,0.0,0.0,1.0,8.6625,,S,
244,245.0,3.0,2.0,male,30.0,0.0,0.0,1.0,7.225,,C,
435,436.0,1.0,2.0,female,14.0,1.0,2.0,1.0,120.0,B96 B98,S,
463,464.0,2.0,2.0,male,48.0,0.0,0.0,1.0,13.0,,S,
13,14.0,3.0,2.0,male,39.0,1.0,5.0,1.0,31.275,,S,
149,150.0,2.0,2.0,male,42.0,0.0,0.0,1.0,13.0,,S,
306,307.0,1.0,2.0,female,,0.0,0.0,1.0,110.8833,,C,
172,173.0,3.0,2.0,female,1.0,1.0,1.0,1.0,11.1333,,S,
807,808.0,3.0,2.0,female,18.0,0.0,0.0,1.0,7.775,,S,
224,225.0,1.0,2.0,male,38.0,1.0,0.0,1.0,90.0,C93,S,
602,603.0,1.0,2.0,male,,0.0,0.0,1.0,42.4,,S,
769,770.0,3.0,2.0,male,32.0,0.0,0.0,1.0,8.3625,,S,
568,569.0,3.0,2.0,male,,0.0,0.0,1.0,7.2292,,C,
104,105.0,3.0,2.0,male,37.0,2.0,0.0,1.0,7.925,,S,
426,427.0,2.0,2.0,female,28.0,1.0,0.0,1.0,26.0,,S,
710,711.0,1.0,2.0,female,24.0,0.0,0.0,1.0,49.5042,C90,C,
188,189.0,3.0,2.0,male,40.0,1.0,1.0,1.0,15.5,,Q,
744,745.0,3.0,2.0,male,31.0,0.0,0.0,2.0,7.925,,S,
434,435.0,1.0,2.0,male,50.0,1.0,0.0,1.0,55.9,E44,S,
498,499.0,1.0,2.0,female,25.0,1.0,2.0,1.0,151.55,C22 C26,S,
564,565.0,3.0,2.0,female,,0.0,0.0,2.0,8.05,,S,
658,659.0,2.0,2.0,male,23.0,0.0,0.0,1.0,13.0,,S,
445,446.0,1.0,2.0,male,4.0,0.0,2.0,1.0,81.8583,A34,S,
195,196.0,1.0,2.0,female,58.0,0.0,0.0,1.0,146.5208,B80,C,
571,572.0,1.0,2.0,female,53.0,2.0,0.0,1.0,51.4792,C101,S,
601,602.0,3.0,2.0,male,,0.0,0.0,1.0,7.8958,,S,
274,275.0,3.0,2.0,female,,0.0,0.0,1.0,7.75,,Q,
578,579.0,3.0,2.0,female,,1.0,0.0,1.0,14.4583,,C,
57,58.0,3.0,2.0,male,28.5,0.0,0.0,1.0,7.2292,,C,
406,407.0,3.0,2.0,male,51.0,0.0,0.0,1.0,7.75,,S,
795,796.0,2.0,2.0,male,39.0,0.0,0.0,1.0,13.0,,S,
138,139.0,3.0,2.0,male,16.0,0.0,0.0,1.0,9.2167,,S,
33,34.0,2.0,2.0,male,66.0,0.0,0.0,1.0,10.5,,S,
297,298.0,1.0,2.0,female,2.0,1.0,2.0,1.0,151.55,C22 C26,S,
65,66.0,3.0,2.0,male,,1.0,1.0,1.0,15.2458,,C,
872,873.0,1.0,2.0,male,33.0,0.0,0.0,1.0,5.0,B51 B53 B55,S,
281,282.0,3.0,2.0,male,28.0,0.0,0.0,1.0,7.8542,,S,
849,850.0,1.0,2.0,female,,1.0,0.0,1.0,89.1042,C92,C,
175,176.0,3.0,2.0,male,18.0,1.0,1.0,1.0,7.8542,,S,
813,814.0,3.0,2.0,female,6.0,4.0,2.0,1.0,31.275,,S,
817,818.0,2.0,2.0,male,31.0,1.0,1.0,2.0,37.0042,,C,
713,714.0,3.0,2.0,male,29.0,0.0,0.0,1.0,9.4833,,S,
739,740.0,3.0,2.0,male,,0.0,0.0,1.0,7.8958,,S,
360,361.0,3.0,2.0,male,40.0,1.0,4.0,1.0,27.9,,S,
252,253.0,1.0,2.0,male,62.0,0.0,0.0,1.0,26.55,C87,S,
320,321.0,3.0,2.0,male,22.0,0.0,0.0,2.0,7.25,,S,
730,731.0,1.0,2.0,female,29.0,0.0,0.0,1.0,211.3375,B5,S,
834,835.0,3.0,2.0,male,18.0,0.0,0.0,1.0,8.3,,S,
112,113.0,3.0,2.0,male,22.0,0.0,0.0,1.0,8.05,,S,
756,757.0,3.0,2.0,male,28.0,0.0,0.0,1.0,7.7958,,S,
219,220.0,2.0,2.0,male,30.0,0.0,0.0,2.0,10.5,,S,
90,91.0,3.0,2.0,male,29.0,0.0,0.0,1.0,8.05,,S,
337,338.0,1.0,2.0,female,41.0,0.0,0.0,1.0,134.5,E40,C,
824,825.0,3.0,2.0,male,2.0,4.0,1.0,1.0,39.6875,,S,
672,673.0,2.0,2.0,male,70.0,0.0,0.0,1.0,10.5,,S,
592,593.0,3.0,2.0,male,47.0,0.0,0.0,2.0,7.25,,S,
457,458.0,1.0,2.0,female,,1.0,0.0,1.0,51.8625,D21,S,
668,669.0,3.0,2.0,male,43.0,0.0,0.0,2.0,8.05,,S,
699,700.0,3.0,2.0,male,42.0,0.0,0.0,1.0,7.65,F G63,S,
98,99.0,2.0,2.0,female,34.0,0.0,1.0,1.0,23.0,,S,
843,844.0,3.0,2.0,male,34.5,0.0,0.0,1.0,6.4375,,C,
169,170.0,3.0,2.0,male,28.0,0.0,0.0,1.0,56.4958,,S,
447,448.0,1.0,2.0,male,34.0,0.0,0.0,1.0,26.55,,S,
329,330.0,1.0,2.0,female,16.0,0.0,1.0,1.0,57.9792,B18,C,
814,815.0,3.0,2.0,male,30.5,0.0,0.0,1.0,8.05,,S,
124,125.0,1.0,2.0,male,54.0,0.0,1.0,1.0,77.2875,D26,S,
728,729.0,2.0,2.0,male,25.0,1.0,0.0,1.0,26.0,,S,
456,457.0,1.0,2.0,male,65.0,0.0,0.0,1.0,26.55,E38,S,
62,63.0,1.0,2.0,male,45.0,1.0,0.0,1.0,83.475,C83,S,
142,143.0,3.0,2.0,female,24.0,1.0,0.0,2.0,15.85,,S,
868,869.0,3.0,2.0,male,,0.0,0.0,1.0,9.5,,S,
373,374.0,1.0,2.0,male,22.0,0.0,0.0,1.0,135.6333,,C,
745,746.0,1.0,2.0,male,70.0,1.0,1.0,2.0,71.0,B22,S,
804,805.0,3.0,2.0,male,27.0,0.0,0.0,1.0,6.975,,S,
594,595.0,2.0,2.0,male,37.0,1.0,0.0,2.0,26.0,,S,
143,144.0,3.0,2.0,male,19.0,0.0,0.0,1.0,6.75,,Q,
228,229.0,2.0,2.0,male,18.0,0.0,0.0,1.0,13.0,,S,
199,200.0,2.0,2.0,female,24.0,0.0,0.0,1.0,13.0,,S,
95,96.0,3.0,2.0,male,,0.0,0.0,1.0,8.05,,S,
295,296.0,1.0,2.0,male,,0.0,0.0,1.0,27.7208,,C,
878,879.0,3.0,2.0,male,,0.0,0.0,1.0,7.8958,,S,
336,337.0,1.0,2.0,male,29.0,1.0,0.0,1.0,66.6,C2,S,
78,79.0,2.0,2.0,male,0.83,0.0,2.0,1.0,29.0,,S,
497,498.0,3.0,2.0,male,,0.0,0.0,1.0,15.1,,S,
374,375.0,3.0,2.0,female,3.0,3.0,1.0,1.0,21.075,,S,
372,373.0,3.0,2.0,male,19.0,0.0,0.0,1.0,8.05,,S,
866,867.0,2.0,2.0,female,27.0,1.0,0.0,2.0,13.8583,,C,
378,379.0,3.0,2.0,male,20.0,0.0,0.0,1.0,4.0125,,C,
829,830.0,1.0,2.0,female,62.0,0.0,0.0,1.0,80.0,B28,,
569,570.0,3.0,2.0,male,32.0,0.0,0.0,1.0,7.8542,,S,
522,523.0,3.0,2.0,male,,0.0,0.0,1.0,7.225,,C,
170,171.0,1.0,2.0,male,61.0,0.0,0.0,1.0,33.5,B19,S,
671,672.0,1.0,2.0,male,31.0,1.0,0.0,1.0,52.0,B71,S,
132,133.0,3.0,2.0,female,47.0,1.0,0.0,2.0,14.5,,S,
799,800.0,3.0,2.0,female,30.0,1.0,1.0,1.0,24.15,,S,
553,554.0,3.0,2.0,male,22.0,0.0,0.0,1.0,7.225,,C,
234,235.0,2.0,2.0,male,24.0,0.0,0.0,1.0,10.5,,S,
734,735.0,2.0,2.0,male,23.0,0.0,0.0,1.0,13.0,,S,
459,460.0,3.0,2.0,male,,0.0,0.0,1.0,7.75,,Q,
214,215.0,3.0,2.0,male,,1.0,0.0,1.0,7.75,,Q,
24,25.0,3.0,2.0,female,8.0,3.0,1.0,1.0,21.075,,S,
789,790.0,1.0,2.0,male,46.0,0.0,0.0,1.0,79.2,B82 B84,C,
755,756.0,2.0,2.0,male,0.67,1.0,1.0,1.0,14.5,,S,
758,759.0,3.0,2.0,male,34.0,0.0,0.0,1.0,8.05,,S,
561,562.0,3.0,2.0,male,40.0,0.0,0.0,1.0,7.8958,,S,
280,281.0,3.0,2.0,male,65.0,0.0,0.0,1.0,7.75,,Q,
740,741.0,1.0,2.0,male,,0.0,0.0,1.0,30.0,D45,S,
772,773.0,2.0,2.0,female,57.0,0.0,0.0,2.0,10.5,E77,S,
719,720.0,3.0,2.0,male,33.0,0.0,0.0,1.0,7.775,,S,
727,728.0,3.0,2.0,female,,0.0,0.0,1.0,7.7375,,Q,
76,77.0,3.0,2.0,male,,0.0,0.0,1.0,7.8958,,S,
743,744.0,3.0,2.0,male,24.0,1.0,0.0,1.0,16.1,,S,
621,622.0,1.0,2.0,male,42.0,1.0,0.0,1.0,52.5542,D19,S,
517,518.0,3.0,2.0,male,,0.0,0.0,1.0,24.15,,Q,
432,433.0,2.0,2.0,female,42.0,1.0,0.0,2.0,26.0,,S,
802,803.0,1.0,2.0,male,11.0,1.0,2.0,1.0,120.0,B96 B98,S,
289,290.0,3.0,2.0,female,22.0,0.0,0.0,1.0,7.75,,Q,
350,351.0,3.0,2.0,male,23.0,0.0,0.0,1.0,9.225,,S,
60,61.0,3.0,2.0,male,22.0,0.0,0.0,1.0,7.2292,,C,
533,534.0,3.0,2.0,female,,0.0,2.0,1.0,22.3583,,C,
81,82.0,3.0,2.0,male,29.0,0.0,0.0,1.0,9.5,,S,
77,78.0,3.0,2.0,male,,0.0,0.0,1.0,8.05,,S,
20,21.0,2.0,2.0,male,35.0,0.0,0.0,1.0,26.0,,S,
610,611.0,3.0,2.0,female,39.0,1.0,5.0,1.0,31.275,,S,
559,560.0,3.0,2.0,female,36.0,1.0,0.0,1.0,17.4,,S,
193,194.0,2.0,2.0,male,3.0,1.0,1.0,1.0,26.0,F2,S,
347,348.0,3.0,2.0,female,,1.0,0.0,1.0,16.1,,S,
751,752.0,3.0,2.0,male,6.0,0.0,1.0,1.0,12.475,E121,S,
401,402.0,3.0,2.0,male,26.0,0.0,0.0,1.0,8.05,,S,
489,490.0,3.0,2.0,male,9.0,1.0,1.0,1.0,15.9,,S,
752,753.0,3.0,2.0,male,33.0,0.0,0.0,1.0,9.5,,S,
388,389.0,3.0,2.0,male,,0.0,0.0,1.0,7.7292,,Q,
272,273.0,2.0,2.0,female,41.0,0.0,1.0,1.0,19.5,,S,
164,165.0,3.0,2.0,male,1.0,4.0,1.0,1.0,39.6875,,S,
87,88.0,3.0,2.0,male,,0.0,0.0,2.0,8.05,,S,
301,302.0,3.0,2.0,male,,2.0,0.0,1.0,23.25,,Q,
79,80.0,3.0,2.0,female,30.0,0.0,0.0,1.0,12.475,,S,
735,736.0,3.0,2.0,male,28.5,0.0,0.0,1.0,16.1,,S,
70,71.0,2.0,2.0,male,32.0,0.0,0.0,1.0,10.5,,S,
3,4.0,1.0,2.0,female,35.0,1.0,0.0,1.0,53.1,C123,S,
180,181.0,3.0,2.0,female,,8.0,2.0,1.0,69.55,,S,
133,134.0,2.0,2.0,female,29.0,1.0,0.0,1.0,26.0,,S,
37,38.0,3.0,2.0,male,21.0,0.0,0.0,2.0,8.05,,S,
484,485.0,1.0,2.0,male,25.0,1.0,0.0,1.0,91.0792,B49,C,
816,817.0,3.0,2.0,female,23.0,0.0,0.0,2.0,7.925,,S,
622,623.0,3.0,2.0,male,20.0,1.0,1.0,1.0,15.7417,,C,
245,246.0,1.0,2.0,male,44.0,2.0,0.0,1.0,90.0,C78,Q,
673,674.0,2.0,2.0,male,31.0,0.0,0.0,1.0,13.0,,S,
629,630.0,3.0,2.0,male,,0.0,0.0,1.0,7.7333,,Q,
321,322.0,3.0,2.0,male,27.0,0.0,0.0,1.0,7.8958,,S,
806,807.0,1.0,2.0,male,39.0,0.0,0.0,1.0,0.0,A36,S,
880,881.0,2.0,2.0,female,25.0,0.0,1.0,1.0,26.0,,S,
505,506.0,1.0,2.0,male,18.0,1.0,0.0,1.0,108.9,C65,C,
471,472.0,3.0,2.0,male,38.0,0.0,0.0,1.0,8.6625,,S,
215,216.0,1.0,2.0,female,31.0,1.0,0.0,1.0,113.275,D36,C,
67,68.0,3.0,2.0,male,19.0,0.0,0.0,1.0,8.1583,,S,
155,156.0,1.0,2.0,male,51.0,0.0,1.0,1.0,61.3792,,C,
609,610.0,1.0,2.0,female,40.0,0.0,0.0,1.0,153.4625,C125,S,
313,314.0,3.0,2.0,male,28.0,0.0,0.0,1.0,7.8958,,S,
235,236.0,3.0,2.0,female,,0.0,0.0,2.0,7.55,,S,
220,221.0,3.0,2.0,male,16.0,0.0,0.0,2.0,8.05,,S,
597,598.0,3.0,2.0,male,49.0,0.0,0.0,1.0,0.0,,S,
125,126.0,3.0,2.0,male,12.0,1.0,0.0,1.0,11.2417,,C,
100,101.0,3.0,2.0,female,28.0,0.0,0.0,1.0,7.8958,,S,
543,544.0,2.0,2.0,male,32.0,1.0,0.0,1.0,26.0,,S,
645,646.0,1.0,2.0,male,48.0,1.0,0.0,1.0,76.7292,D33,C,
885,886.0,3.0,2.0,female,39.0,0.0,5.0,1.0,29.125,,Q,
857,858.0,1.0,2.0,male,51.0,0.0,0.0,1.0,26.55,E17,S,
828,829.0,3.0,2.0,male,,0.0,0.0,1.0,7.75,,Q,
1,2.0,1.0,2.0,female,38.0,1.0,0.0,1.0,71.2833,C85,C,
385,386.0,2.0,2.0,male,18.0,0.0,0.0,1.0,73.5,,S,
653,654.0,3.0,2.0,female,,0.0,0.0,1.0,7.8292,,Q,
634,635.0,3.0,2.0,female,9.0,3.0,2.0,1.0,27.9,,S,
820,821.0,1.0,2.0,female,52.0,1.0,1.0,1.0,93.5,B69,S,
296,297.0,3.0,2.0,male,23.5,0.0,0.0,1.0,7.2292,,C,
417,418.0,2.0,2.0,female,18.0,0.0,2.0,1.0,13.0,,S,
712,713.0,1.0,2.0,male,48.0,1.0,0.0,1.0,52.0,C126,S,
253,254.0,3.0,2.0,male,30.0,1.0,0.0,2.0,16.1,,S,
222,223.0,3.0,2.0,male,51.0,0.0,0.0,1.0,8.05,,S,
166,167.0,1.0,2.0,female,,0.0,1.0,1.0,55.0,E33,S,
308,309.0,2.0,2.0,male,30.0,1.0,0.0,2.0,24.0,,C,
41,42.0,2.0,2.0,female,27.0,1.0,0.0,1.0,21.0,,S,
542,543.0,3.0,2.0,female,11.0,4.0,2.0,1.0,31.275,,S,
292,293.0,2.0,2.0,male,36.0,0.0,0.0,2.0,12.875,D,C,
590,591.0,3.0,2.0,male,35.0,0.0,0.0,2.0,7.125,,S,
556,557.0,1.0,2.0,female,48.0,1.0,0.0,1.0,39.6,A16,C,
293,294.0,3.0,2.0,female,24.0,0.0,0.0,1.0,8.85,,S,
700,701.0,1.0,2.0,female,18.0,1.0,0.0,1.0,227.525,C62 C64,C,
433,434.0,3.0,2.0,male,17.0,0.0,0.0,2.0,7.125,,S,
39,40.0,3.0,2.0,female,14.0,1.0,0.0,1.0,11.2417,,C,
96,97.0,1.0,2.0,male,71.0,0.0,0.0,1.0,34.6542,A5,C,
178,179.0,2.0,2.0,male,30.0,0.0,0.0,1.0,13.0,,S,
302,303.0,3.0,2.0,male,19.0,0.0,0.0,1.0,0.0,,S,
565,566.0,3.0,2.0,male,24.0,2.0,0.0,2.0,24.15,,S,
239,240.0,2.0,2.0,male,33.0,0.0,0.0,2.0,12.275,,S,
614,615.0,3.0,2.0,male,35.0,0.0,0.0,1.0,8.05,,S,
35,36.0,1.0,2.0,male,42.0,1.0,0.0,1.0,52.0,,S,
760,761.0,3.0,2.0,male,,0.0,0.0,1.0,14.5,,S,
365,366.0,3.0,2.0,male,30.0,0.0,0.0,1.0,7.25,,S,
623,624.0,3.0,2.0,male,21.0,0.0,0.0,1.0,7.8542,,S,
429,430.0,3.0,2.0,male,32.0,0.0,0.0,2.0,8.05,E10,S,
750,751.0,2.0,2.0,female,4.0,1.0,1.0,1.0,23.0,,S,
259,260.0,2.0,2.0,female,50.0,0.0,1.0,1.0,26.0,,S,
635,636.0,2.0,2.0,female,28.0,0.0,0.0,1.0,13.0,,S,
640,641.0,3.0,2.0,male,20.0,0.0,0.0,1.0,7.8542,,S,
780,781.0,3.0,2.0,female,13.0,0.0,0.0,1.0,7.2292,,C,
351,352.0,1.0,2.0,male,,0.0,0.0,1.0,35.0,C128,S,
49,50.0,3.0,2.0,female,18.0,1.0,0.0,1.0,17.8,,S,
131,132.0,3.0,2.0,male,20.0,0.0,0.0,2.0,7.05,,S,
839,840.0,1.0,2.0,male,,0.0,0.0,1.0,29.7,C47,C,
669,670.0,1.0,2.0,female,,1.0,0.0,1.0,52.0,C126,S,
114,115.0,3.0,2.0,female,17.0,0.0,0.0,1.0,14.4583,,C,
785,786.0,3.0,2.0,male,25.0,0.0,0.0,1.0,7.25,,S,
139,140.0,1.0,2.0,male,24.0,0.0,0.0,1.0,79.2,B86,C,
818,819.0,3.0,2.0,male,43.0,0.0,0.0,1.0,6.45,,S,
326,327.0,3.0,2.0,male,61.0,0.0,0.0,1.0,6.2375,,S,
676,677.0,3.0,2.0,male,24.5,0.0,0.0,1.0,8.05,,S,
540,541.0,1.0,2.0,female,36.0,0.0,2.0,2.0,71.0,B22,S,
675,676.0,3.0,2.0,male,18.0,0.0,0.0,1.0,7.775,,S,
411,412.0,3.0,2.0,male,,0.0,0.0,1.0,6.8583,,Q,
859,860.0,3.0,2.0,male,,0.0,0.0,1.0,7.2292,,C,
726,727.0,2.0,2.0,female,30.0,3.0,0.0,1.0,21.0,,S,
499,500.0,3.0,2.0,male,24.0,0.0,0.0,1.0,7.7958,,S,
662,663.0,1.0,2.0,male,47.0,0.0,0.0,1.0,25.5875,E58,S,
267,268.0,3.0,2.0,male,25.0,1.0,0.0,1.0,7.775,,S,
510,511.0,3.0,2.0,male,29.0,0.0,0.0,1.0,7.75,,Q,
413,414.0,2.0,2.0,male,,0.0,0.0,1.0,0.0,,S,
620,621.0,3.0,2.0,male,27.0,1.0,0.0,1.0,14.4542,,C,
825,826.0,3.0,2.0,male,,0.0,0.0,1.0,6.95,,Q,
260,261.0,3.0,2.0,male,,0.0,0.0,1.0,7.75,,Q,
278,279.0,3.0,2.0,male,7.0,4.0,1.0,1.0,29.125,,Q,
212,213.0,3.0,2.0,male,22.0,0.0,0.0,2.0,7.25,,S,
615,616.0,2.0,2.0,female,24.0,1.0,2.0,1.0,65.0,,S,
121,122.0,3.0,2.0,male,,0.0,0.0,1.0,8.05,,S,
86,87.0,3.0,2.0,male,16.0,1.0,3.0,2.0,34.375,,S,
731,732.0,3.0,2.0,male,11.0,0.0,0.0,1.0,18.7875,,C,
679,680.0,1.0,2.0,male,36.0,0.0,1.0,1.0,512.3292,B51 B53 B55,C,
887,888.0,1.0,2.0,female,19.0,0.0,0.0,1.0,30.0,B42,S,
670,671.0,2.0,2.0,female,40.0,1.0,1.0,1.0,39.0,,S,
237,238.0,2.0,2.0,female,8.0,0.0,2.0,1.0,26.25,,S,
396,397.0,3.0,2.0,female,31.0,0.0,0.0,1.0,7.8542,,S,
877,878.0,3.0,2.0,male,19.0,0.0,0.0,1.0,7.8958,,S,
800,801.0,2.0,2.0,male,34.0,0.0,0.0,1.0,13.0,,S,
342,343.0,2.0,2.0,male,28.0,0.0,0.0,1.0,13.0,,S,
716,717.0,1.0,2.0,female,38.0,0.0,0.0,1.0,227.525,C45,C,
706,707.0,2.0,2.0,female,45.0,0.0,0.0,1.0,13.5,,S,
238,239.0,2.0,2.0,male,19.0,0.0,0.0,1.0,10.5,,S,
18,19.0,3.0,2.0,female,31.0,1.0,0.0,1.0,18.0,,S,
708,709.0,1.0,2.0,female,22.0,0.0,0.0,1.0,151.55,,S,
177,178.0,1.0,2.0,female,50.0,0.0,0.0,1.0,28.7125,C49,C,
851,852.0,3.0,2.0,male,74.0,0.0,0.0,1.0,7.775,,S,
642,643.0,3.0,2.0,female,2.0,3.0,2.0,1.0,27.9,,S,
156,157.0,3.0,2.0,female,16.0,0.0,0.0,1.0,7.7333,,Q,
677,678.0,3.0,2.0,female,18.0,0.0,0.0,1.0,9.8417,,S,
427,428.0,2.0,2.0,female,19.0,0.0,0.0,1.0,26.0,,S,
165,166.0,3.0,2.0,male,9.0,0.0,2.0,1.0,20.525,,S,
683,684.0,3.0,2.0,male,14.0,5.0,2.0,1.0,46.9,,S,
473,474.0,2.0,2.0,female,23.0,0.0,0.0,2.0,13.7917,D,C,
521,522.0,3.0,2.0,male,22.0,0.0,0.0,1.0,7.8958,,S,
514,515.0,3.0,2.0,male,24.0,0.0,0.0,1.0,7.4958,,S,
468,469.0,3.0,2.0,male,,0.0,0.0,1.0,7.725,,Q,
491,492.0,3.0,2.0,male,21.0,0.0,0.0,2.0,7.25,,S,
25,26.0,3.0,2.0,female,38.0,1.0,5.0,1.0,31.3875,,S,
403,404.0,3.0,2.0,male,28.0,1.0,0.0,2.0,15.85,,S,
509,510.0,3.0,2.0,male,26.0,0.0,0.0,1.0,56.4958,,S,
550,551.0,1.0,2.0,male,17.0,0.0,2.0,1.0,110.8833,C70,C,
282,283.0,3.0,2.0,male,16.0,0.0,0.0,1.0,9.5,,S,
840,841.0,3.0,2.0,male,20.0,0.0,0.0,2.0,7.925,,S,
22,23.0,3.0,2.0,female,15.0,0.0,0.0,1.0,8.0292,,Q,
715,716.0,3.0,2.0,male,19.0,0.0,0.0,1.0,7.65,F G73,S,
7,8.0,3.0,2.0,male,2.0,3.0,1.0,1.0,21.075,,S,
5,6.0,3.0,2.0,male,,0.0,0.0,1.0,8.4583,,Q,
110,111.0,1.0,2.0,male,47.0,0.0,0.0,1.0,52.0,C110,S,
541,542.0,3.0,2.0,female,9.0,4.0,2.0,1.0,31.275,,S,
741,742.0,1.0,2.0,male,36.0,1.0,0.0,1.0,78.85,C46,S,
59,60.0,3.0,2.0,male,11.0,5.0,2.0,1.0,46.9,,S,
507,508.0,1.0,2.0,male,,0.0,0.0,1.0,26.55,,S,
831,832.0,2.0,2.0,male,0.83,1.0,1.0,1.0,18.75,,S,
881,882.0,3.0,2.0,male,33.0,0.0,0.0,1.0,7.8958,,S,
574,575.0,3.0,2.0,male,16.0,0.0,0.0,2.0,8.05,,S,
654,655.0,3.0,2.0,female,18.0,0.0,0.0,1.0,6.75,,Q,
691,692.0,3.0,2.0,female,4.0,0.0,1.0,1.0,13.4167,,C,
520,521.0,1.0,2.0,female,30.0,0.0,0.0,1.0,93.5,B73,S,
655,656.0,2.0,2.0,male,24.0,2.0,0.0,1.0,73.5,,S,
223,224.0,3.0,2.0,male,,0.0,0.0,1.0,7.8958,,S,
227,228.0,3.0,2.0,male,20.5,0.0,0.0,2.0,7.25,,S,
809,810.0,1.0,2.0,female,33.0,1.0,0.0,1.0,53.1,E8,S,
151,152.0,1.0,2.0,female,22.0,1.0,0.0,1.0,66.6,C2,S,
797,798.0,3.0,2.0,female,31.0,0.0,0.0,1.0,8.6833,,S,
422,423.0,3.0,2.0,male,29.0,0.0,0.0,1.0,7.875,,S,
255,256.0,3.0,2.0,female,29.0,0.0,2.0,1.0,15.2458,,C,
830,831.0,3.0,2.0,female,15.0,1.0,0.0,1.0,14.4542,,C,
694,695.0,1.0,2.0,male,60.0,0.0,0.0,1.0,26.55,,S,
355,356.0,3.0,2.0,male,28.0,0.0,0.0,1.0,9.5,,S,
853,854.0,1.0,2.0,female,16.0,0.0,1.0,1.0,39.4,D28,S,
102,103.0,1.0,2.0,male,21.0,0.0,1.0,1.0,77.2875,D26,S,
711,712.0,1.0,2.0,male,,0.0,0.0,1.0,26.55,C124,S,
544,545.0,1.0,2.0,male,50.0,1.0,0.0,1.0,106.425,C86,C,
209,210.0,1.0,2.0,male,40.0,0.0,0.0,1.0,31.0,A31,C,
576,577.0,2.0,2.0,female,34.0,0.0,0.0,1.0,13.0,,S,
695,696.0,2.0,2.0,male,52.0,0.0,0.0,1.0,13.5,,S,
661,662.0,3.0,2.0,male,40.0,0.0,0.0,1.0,7.225,,C,
118,119.0,1.0,2.0,male,24.0,0.0,1.0,1.0,247.5208,B58 B60,C,
724,725.0,1.0,2.0,male,27.0,1.0,0.0,1.0,53.1,E8,S,
639,640.0,3.0,2.0,male,,1.0,0.0,1.0,16.1,,S,
27,28.0,1.0,2.0,male,19.0,3.0,2.0,1.0,263.0,C23 C25 C27,S,
345,346.0,2.0,2.0,female,24.0,0.0,0.0,1.0,13.0,F33,S,
513,514.0,1.0,2.0,female,54.0,1.0,0.0,1.0,59.4,,C,
128,129.0,3.0,2.0,female,,1.0,1.0,1.0,22.3583,F E69,C,
588,589.0,3.0,2.0,male,22.0,0.0,0.0,1.0,8.05,,S,
611,612.0,3.0,2.0,male,,0.0,0.0,2.0,7.05,,S,
75,76.0,3.0,2.0,male,25.0,0.0,0.0,1.0,7.65,F G73,S,
718,719.0,3.0,2.0,male,,0.0,0.0,1.0,15.5,,Q,
633,634.0,1.0,2.0,male,,0.0,0.0,1.0,0.0,,S,
368,369.0,3.0,2.0,female,,0.0,0.0,1.0,7.75,,Q,
618,619.0,2.0,2.0,female,4.0,2.0,1.0,1.0,39.0,F4,S,
535,536.0,2.0,2.0,female,7.0,0.0,2.0,1.0,26.25,,S,
216,217.0,3.0,2.0,female,27.0,0.0,0.0,2.0,7.925,,S,
134,135.0,2.0,2.0,male,25.0,0.0,0.0,1.0,13.0,,S,
51,52.0,3.0,2.0,male,21.0,0.0,0.0,2.0,7.8,,S,
845,846.0,3.0,2.0,male,42.0,0.0,0.0,1.0,7.55,,S,
84,85.0,2.0,2.0,female,17.0,0.0,0.0,2.0,10.5,,S,
10,11.0,3.0,2.0,female,4.0,1.0,1.0,1.0,16.7,G6,S,
681,682.0,1.0,2.0,male,27.0,0.0,0.0,1.0,76.7292,D49,C,
354,355.0,3.0,2.0,male,,0.0,0.0,1.0,7.225,,C,
821,822.0,3.0,2.0,male,27.0,0.0,0.0,1.0,8.6625,,S,
314,315.0,2.0,2.0,male,43.0,1.0,1.0,1.0,26.25,,S,
551,552.0,2.0,2.0,male,27.0,0.0,0.0,1.0,26.0,,S,
249,250.0,2.0,2.0,male,54.0,1.0,0.0,1.0,26.0,,S,
583,584.0,1.0,2.0,male,36.0,0.0,0.0,1.0,40.125,A10,C,
381,382.0,3.0,2.0,female,1.0,0.0,2.0,1.0,15.7417,,C,
836,837.0,3.0,2.0,male,21.0,0.0,0.0,1.0,8.6625,,S,
867,868.0,1.0,2.0,male,31.0,0.0,0.0,1.0,50.4958,A24,S,
369,370.0,1.0,2.0,female,24.0,0.0,0.0,1.0,69.3,B35,C,
486,487.0,1.0,2.0,female,35.0,1.0,0.0,1.0,90.0,C93,S,
341,342.0,1.0,2.0,female,24.0,3.0,2.0,1.0,263.0,C23 C25 C27,S,
50,51.0,3.0,2.0,male,7.0,4.0,1.0,1.0,39.6875,,S,
443,444.0,2.0,2.0,female,28.0,0.0,0.0,1.0,13.0,,S,
599,600.0,1.0,2.0,male,49.0,1.0,0.0,1.0,56.9292,A20,C,
786,787.0,3.0,2.0,female,18.0,0.0,0.0,1.0,7.4958,,S,
217,218.0,2.0,2.0,male,42.0,1.0,0.0,1.0,27.0,,S,
527,528.0,1.0,2.0,male,,0.0,0.0,1.0,221.7792,C95,S,
774,775.0,2.0,2.0,female,54.0,1.0,3.0,1.0,23.0,,S,
674,675.0,2.0,2.0,male,,0.0,0.0,1.0,0.0,,S,
210,211.0,3.0,2.0,male,24.0,0.0,0.0,2.0,7.05,,S,
801,802.0,2.0,2.0,female,31.0,1.0,1.0,1.0,26.25,,S,
742,743.0,1.0,2.0,female,21.0,2.0,2.0,1.0,262.375,B57 B59 B63 B66,C,
356,357.0,1.0,2.0,female,22.0,0.0,1.0,1.0,55.0,E33,S,
722,723.0,2.0,2.0,male,34.0,0.0,0.0,1.0,13.0,,S,
846,847.0,3.0,2.0,male,,8.0,2.0,1.0,69.55,,S,
886,887.0,2.0,2.0,male,27.0,0.0,0.0,1.0,13.0,,S,
8,9.0,3.0,2.0,female,27.0,0.0,2.0,1.0,11.1333,,S,
251,252.0,3.0,2.0,female,29.0,1.0,1.0,1.0,10.4625,G6,S,
304,305.0,3.0,2.0,male,,0.0,0.0,2.0,8.05,,S,
888,889.0,3.0,2.0,female,,1.0,2.0,2.0,23.45,,S,
678,679.0,3.0,2.0,female,43.0,1.0,6.0,1.0,46.9,,S,
680,681.0,3.0,2.0,female,,0.0,0.0,1.0,8.1375,,Q,
415,416.0,3.0,2.0,female,,0.0,0.0,1.0,8.05,,S,
832,833.0,3.0,2.0,male,,0.0,0.0,1.0,7.2292,,C,
826,827.0,3.0,2.0,male,,0.0,0.0,1.0,56.4958,,S,
703,704.0,3.0,2.0,male,25.0,0.0,0.0,1.0,7.7417,,Q,
409,410.0,3.0,2.0,female,,3.0,1.0,1.0,25.4667,,S,
338,339.0,3.0,2.0,male,45.0,0.0,0.0,1.0,8.05,,S,
122,123.0,2.0,2.0,male,32.5,1.0,0.0,1.0,30.0708,,C,
469,470.0,3.0,2.0,female,0.75,2.0,1.0,1.0,19.2583,,C,
250,251.0,3.0,2.0,male,,0.0,0.0,1.0,7.25,,S,
158,159.0,3.0,2.0,male,,0.0,0.0,1.0,8.6625,,S,
440,441.0,2.0,2.0,female,45.0,1.0,1.0,1.0,26.25,,S,
628,629.0,3.0,2.0,male,26.0,0.0,0.0,1.0,7.8958,,S,
73,74.0,3.0,2.0,male,26.0,1.0,0.0,1.0,14.4542,,C,
288,289.0,2.0,2.0,male,42.0,0.0,0.0,1.0,13.0,,S,
241,242.0,3.0,2.0,female,,1.0,0.0,1.0,15.5,,Q,
560,561.0,3.0,2.0,male,,0.0,0.0,1.0,7.75,,Q,
500,501.0,3.0,2.0,male,17.0,0.0,0.0,1.0,8.6625,,S,
126,127.0,3.0,2.0,male,,0.0,0.0,1.0,7.75,,Q,
397,398.0,2.0,2.0,male,46.0,0.0,0.0,1.0,26.0,,S,
88,89.0,1.0,2.0,female,23.0,3.0,2.0,1.0,263.0,C23 C25 C27,S,
585,586.0,1.0,2.0,female,18.0,0.0,2.0,1.0,79.65,E68,S,
404,405.0,3.0,2.0,female,20.0,0.0,0.0,1.0,8.6625,,S,
405,406.0,2.0,2.0,male,34.0,1.0,0.0,1.0,21.0,,S,
659,660.0,1.0,2.0,male,58.0,0.0,2.0,1.0,113.275,D48,C,
346,347.0,2.0,2.0,female,40.0,0.0,0.0,1.0,13.0,,S,
85,86.0,3.0,2.0,female,33.0,3.0,0.0,1.0,15.85,,S,
418,419.0,2.0,2.0,male,30.0,0.0,0.0,1.0,13.0,,S,
572,573.0,1.0,2.0,male,36.0,0.0,0.0,1.0,26.3875,E25,S,
370,371.0,1.0,2.0,male,25.0,1.0,0.0,1.0,55.4417,E50,C,
704,705.0,3.0,2.0,male,26.0,1.0,0.0,1.0,7.8542,,S,
317,318.0,2.0,2.0,male,54.0,0.0,0.0,1.0,14.0,,S,
449,450.0,1.0,2.0,male,52.0,0.0,0.0,1.0,30.5,C104,S,
525,526.0,3.0,2.0,male,40.5,0.0,0.0,1.0,7.75,,Q,
204,205.0,3.0,2.0,male,18.0,0.0,0.0,2.0,8.05,,S,
557,558.0,1.0,2.0,male,,0.0,0.0,1.0,227.525,,C,
129,130.0,3.0,2.0,male,45.0,0.0,0.0,1.0,6.975,,S,
410,411.0,3.0,2.0,male,,0.0,0.0,1.0,7.8958,,S,
747,748.0,2.0,2.0,female,30.0,0.0,0.0,1.0,13.0,,S,
444,445.0,3.0,2.0,male,,0.0,0.0,1.0,8.1125,,S,
69,70.0,3.0,2.0,male,26.0,2.0,0.0,1.0,8.6625,,S,
383,384.0,1.0,2.0,female,35.0,1.0,0.0,1.0,52.0,,S,
479,480.0,3.0,2.0,female,2.0,0.0,1.0,1.0,12.2875,,S,
570,571.0,2.0,2.0,male,62.0,0.0,0.0,2.0,10.5,,S,
186,187.0,3.0,2.0,female,,1.0,0.0,1.0,15.5,,Q,
11,12.0,1.0,2.0,female,58.0,0.0,0.0,1.0,26.55,C103,S,
233,234.0,3.0,2.0,female,5.0,4.0,2.0,1.0,31.3875,,S,
270,271.0,1.0,2.0,male,,0.0,0.0,1.0,31.0,,S,
113,114.0,3.0,2.0,female,20.0,1.0,0.0,1.0,9.825,,S,
407,408.0,2.0,2.0,male,3.0,1.0,1.0,1.0,18.75,,S,
286,287.0,3.0,2.0,male,30.0,0.0,0.0,1.0,9.5,,S,
92,93.0,1.0,2.0,male,46.0,1.0,0.0,1.0,61.175,E31,S,
135,136.0,2.0,2.0,male,23.0,0.0,0.0,2.0,15.0458,,C,
340,341.0,2.0,2.0,male,2.0,1.0,1.0,1.0,26.0,F2,S,
161,162.0,2.0,2.0,female,40.0,0.0,0.0,1.0,15.75,,S,
791,792.0,2.0,2.0,male,16.0,0.0,0.0,1.0,26.0,,S,
38,39.0,3.0,2.0,female,18.0,2.0,0.0,1.0,18.0,,S,
154,155.0,3.0,2.0,male,,0.0,0.0,1.0,7.3125,,S,
641,642.0,1.0,2.0,female,24.0,0.0,0.0,1.0,69.3,B35,C,
627,628.0,1.0,2.0,female,21.0,0.0,0.0,1.0,77.9583,D9,S,
80,81.0,3.0,2.0,male,22.0,0.0,0.0,1.0,9.0,,S,
141,142.0,3.0,2.0,female,22.0,0.0,0.0,1.0,7.75,,S,
450,451.0,2.0,2.0,male,36.0,1.0,2.0,1.0,27.75,,S,
117,118.0,2.0,2.0,male,29.0,1.0,0.0,1.0,21.0,,S,
71,72.0,3.0,2.0,female,16.0,5.0,2.0,1.0,46.9,,S,
9,10.0,2.0,2.0,female,14.0,1.0,0.0,1.0,30.0708,,C,
545,546.0,1.0,2.0,male,64.0,0.0,0.0,1.0,26.0,,S,
647,648.0,1.0,2.0,male,56.0,0.0,0.0,1.0,35.5,A26,C,
603,604.0,3.0,2.0,male,44.0,0.0,0.0,1.0,8.05,,S,
6,7.0,1.0,2.0,male,54.0,0.0,0.0,1.0,51.8625,E46,S,
246,247.0,3.0,2.0,female,25.0,0.0,0.0,1.0,7.775,,S,
168,169.0,1.0,2.0,male,,0.0,0.0,1.0,25.925,,S,
696,697.0,3.0,2.0,male,44.0,0.0,0.0,1.0,8.05,,S,
616,617.0,3.0,2.0,male,34.0,1.0,1.0,1.0,14.4,,S,
852,853.0,3.0,2.0,female,9.0,1.0,1.0,1.0,15.2458,,C,
218,219.0,1.0,2.0,female,32.0,0.0,0.0,1.0,76.2917,D15,C,
763,764.0,1.0,2.0,female,36.0,1.0,2.0,1.0,120.0,B96 B98,S,
179,180.0,3.0,2.0,male,36.0,0.0,0.0,1.0,0.0,,S,
322,323.0,2.0,2.0,female,30.0,0.0,0.0,1.0,12.35,,Q,
185,186.0,1.0,2.0,male,,0.0,0.0,1.0,50.0,A32,S,
613,614.0,3.0,2.0,male,,0.0,0.0,1.0,7.75,,Q,
783,784.0,3.0,2.0,male,,1.0,2.0,2.0,23.45,,S,
15,16.0,2.0,2.0,female,55.0,0.0,0.0,1.0,16.0,,S,
119,120.0,3.0,2.0,female,2.0,4.0,2.0,1.0,31.275,,S,
693,694.0,3.0,2.0,male,25.0,0.0,0.0,1.0,7.225,,C,
861,862.0,2.0,2.0,male,21.0,1.0,0.0,1.0,11.5,,S,
552,553.0,3.0,2.0,male,,0.0,0.0,1.0,7.8292,,Q,
61,62.0,1.0,2.0,female,38.0,0.0,0.0,1.0,80.0,B28,,
511,512.0,3.0,2.0,male,,0.0,0.0,2.0,8.05,,S,
879,880.0,1.0,2.0,female,56.0,0.0,1.0,1.0,83.1583,C50,C,
294,295.0,3.0,2.0,male,24.0,0.0,0.0,1.0,7.8958,,S,
529,530.0,2.0,2.0,male,23.0,2.0,1.0,1.0,11.5,,S,
598,599.0,3.0,2.0,male,,0.0,0.0,1.0,7.225,,C,
646,647.0,3.0,2.0,male,19.0,0.0,0.0,1.0,7.8958,,S,
689,690.0,1.0,2.0,female,15.0,0.0,1.0,1.0,211.3375,B5,S,
448,449.0,3.0,2.0,female,5.0,2.0,1.0,1.0,19.2583,,C,
721,722.0,3.0,2.0,male,17.0,1.0,0.0,1.0,7.0542,,S,
248,249.0,1.0,2.0,male,37.0,1.0,1.0,1.0,52.5542,D35,S,
377,378.0,1.0,2.0,male,27.0,0.0,2.0,1.0,211.5,C82,C,
607,608.0,1.0,2.0,male,27.0,0.0,0.0,1.0,30.5,,S,
130,131.0,3.0,2.0,male,33.0,0.0,0.0,1.0,7.8958,,C,
254,255.0,3.0,2.0,female,41.0,0.0,2.0,1.0,20.2125,,S,
93,94.0,3.0,2.0,male,26.0,1.0,2.0,1.0,20.575,,S,
493,494.0,1.0,2.0,male,71.0,0.0,0.0,1.0,49.5042,,C,
197,198.0,3.0,2.0,male,42.0,0.0,1.0,1.0,8.4042,,S,
211,212.0,2.0,2.0,female,35.0,0.0,0.0,1.0,21.0,,S,
626,627.0,2.0,2.0,male,57.0,0.0,0.0,1.0,12.35,,Q,
367,368.0,3.0,2.0,female,,0.0,0.0,1.0,7.2292,,C,
738,739.0,3.0,2.0,male,,0.0,0.0,1.0,7.8958,,S,
430,431.0,1.0,2.0,male,28.0,0.0,0.0,1.0,26.55,C52,S,
591,592.0,1.0,2.0,female,52.0,1.0,0.0,1.0,78.2667,D20,C,
268,269.0,1.0,2.0,female,58.0,0.0,1.0,1.0,153.4625,C125,S,
811,812.0,3.0,2.0,male,39.0,0.0,0.0,2.0,24.15,,S,
140,141.0,3.0,2.0,female,,0.0,2.0,1.0,15.2458,,C,
733,734.0,2.0,2.0,male,23.0,0.0,0.0,1.0,13.0,,S,
856,857.0,1.0,2.0,female,45.0,1.0,1.0,1.0,164.8667,,S,
889,890.0,1.0,2.0,male,26.0,0.0,0.0,1.0,30.0,C148,C,
631,632.0,3.0,2.0,male,51.0,0.0,0.0,1.0,7.0542,,S,
0,1.0,3.0,2.0,male,22.0,1.0,0.0,2.0,7.25,,S,
496,497.0,1.0,2.0,female,54.0,1.0,0.0,1.0,78.2667,D20,C,
579,580.0,3.0,2.0,male,32.0,0.0,0.0,2.0,7.925,,S,
323,324.0,2.0,2.0,female,22.0,1.0,1.0,1.0,29.0,,S,
858,859.0,3.0,2.0,female,24.0,0.0,3.0,1.0,19.2583,,C,
420,421.0,3.0,2.0,male,,0.0,0.0,1.0,7.8958,,C,
398,399.0,2.0,2.0,male,23.0,0.0,0.0,1.0,10.5,,S,
452,453.0,1.0,2.0,male,30.0,0.0,0.0,1.0,27.75,C111,C,
362,363.0,3.0,2.0,female,45.0,0.0,1.0,1.0,14.4542,,C,
600,601.0,2.0,2.0,female,24.0,2.0,1.0,1.0,27.0,,S,
380,381.0,1.0,2.0,female,42.0,0.0,0.0,1.0,227.525,,C,
873,874.0,3.0,2.0,male,47.0,0.0,0.0,1.0,9.0,,S,
395,396.0,3.0,2.0,male,22.0,0.0,0.0,1.0,7.7958,,S,
558,559.0,1.0,2.0,female,39.0,1.0,1.0,1.0,79.65,E67,S,
391,392.0,3.0,2.0,male,21.0,0.0,0.0,1.0,7.7958,,S,
874,875.0,2.0,2.0,female,28.0,1.0,0.0,2.0,24.0,,C,
465,466.0,3.0,2.0,male,38.0,0.0,0.0,2.0,7.05,,S,
160,161.0,3.0,2.0,male,44.0,0.0,1.0,1.0,16.1,,S,
309,310.0,1.0,2.0,female,30.0,0.0,0.0,1.0,56.9292,E36,C,
871,872.0,1.0,2.0,female,47.0,1.0,1.0,1.0,52.5542,D35,S,
761,762.0,3.0,2.0,male,41.0,0.0,0.0,2.0,7.125,,S,
808,809.0,2.0,2.0,male,39.0,0.0,0.0,1.0,13.0,,S,
184,185.0,3.0,2.0,female,4.0,0.0,2.0,1.0,22.025,,S,
42,43.0,3.0,2.0,male,,0.0,0.0,1.0,7.8958,,C,
746,747.0,3.0,2.0,male,16.0,1.0,1.0,1.0,20.25,,S,
796,797.0,1.0,2.0,female,49.0,0.0,0.0,1.0,25.9292,D17,S,
116,117.0,3.0,2.0,male,70.5,0.0,0.0,1.0,7.75,,Q,
705,706.0,2.0,2.0,male,39.0,0.0,0.0,1.0,26.0,,S,
167,168.0,3.0,2.0,female,45.0,1.0,4.0,1.0,27.9,,S,
46,47.0,3.0,2.0,male,,1.0,0.0,1.0,15.5,,Q,
437,438.0,2.0,2.0,female,24.0,2.0,3.0,1.0,18.75,,S,
213,214.0,2.0,2.0,male,30.0,0.0,0.0,1.0,13.0,,S,
790,791.0,3.0,2.0,male,,0.0,0.0,1.0,7.75,,Q,
390,391.0,1.0,2.0,male,36.0,1.0,2.0,1.0,120.0,B96 B98,S,
581,582.0,1.0,2.0,female,39.0,1.0,1.0,1.0,110.8833,C68,C,
386,387.0,3.0,2.0,male,1.0,5.0,2.0,1.0,46.9,,S,
512,513.0,1.0,2.0,male,36.0,0.0,0.0,1.0,26.2875,E25,S,
686,687.0,3.0,2.0,male,14.0,4.0,1.0,1.0,39.6875,,S,
207,208.0,3.0,2.0,male,26.0,0.0,0.0,1.0,18.7875,,C,
776,777.0,3.0,2.0,male,,0.0,0.0,1.0,7.75,F38,Q,
276,277.0,3.0,2.0,female,45.0,0.0,0.0,1.0,7.75,,S,
82,83.0,3.0,2.0,female,,0.0,0.0,1.0,7.7875,,Q,
192,193.0,3.0,2.0,female,19.0,1.0,0.0,1.0,7.8542,,S,
19,20.0,3.0,2.0,female,,0.0,0.0,1.0,7.225,,C,
652,653.0,3.0,2.0,male,21.0,0.0,0.0,1.0,8.4333,,S,
685,686.0,2.0,2.0,male,25.0,1.0,2.0,2.0,41.5792,,C,
99,100.0,2.0,2.0,male,34.0,1.0,0.0,1.0,26.0,,S,
495,496.0,3.0,2.0,male,,0.0,0.0,1.0,14.4583,,C,
798,,,,,,,,,,,,0.0
461,,,,,,,,,,,,0.0
298,,,,,,,,,,,,1.0
291,,,,,,,,,,,,1.0
523,,,,,,,,,,,,1.0
842,,,,,,,,,,,,1.0
720,,,,,,,,,,,,1.0
472,,,,,,,,,,,,1.0
101,,,,,,,,,,,,0.0
191,,,,,,,,,,,,0.0
63,,,,,,,,,,,,0.0
44,,,,,,,,,,,,1.0
205,,,,,,,,,,,,0.0
794,,,,,,,,,,,,0.0
474,,,,,,,,,,,,0.0
582,,,,,,,,,,,,0.0
850,,,,,,,,,,,,0.0
382,,,,,,,,,,,,0.0
604,,,,,,,,,,,,1.0
358,,,,,,,,,,,,1.0
547,,,,,,,,,,,,1.0
684,,,,,,,,,,,,0.0
812,,,,,,,,,,,,0.0
667,,,,,,,,,,,,0.0
478,,,,,,,,,,,,0.0
488,,,,,,,,,,,,0.0
723,,,,,,,,,,,,0.0
577,,,,,,,,,,,,1.0
159,,,,,,,,,,,,0.0
203,,,,,,,,,,,,0.0
332,,,,,,,,,,,,0.0
208,,,,,,,,,,,,1.0
805,,,,,,,,,,,,0.0
287,,,,,,,,,,,,0.0
419,,,,,,,,,,,,0.0
64,,,,,,,,,,,,0.0
884,,,,,,,,,,,,0.0
311,,,,,,,,,,,,1.0
515,,,,,,,,,,,,0.0
587,,,,,,,,,,,,1.0
206,,,,,,,,,,,,0.0
394,,,,,,,,,,,,1.0
52,,,,,,,,,,,,1.0
229,,,,,,,,,,,,0.0
123,,,,,,,,,,,,1.0
690,,,,,,,,,,,,1.0
200,,,,,,,,,,,,0.0
657,,,,,,,,,,,,0.0
32,,,,,,,,,,,,1.0
518,,,,,,,,,,,,1.0
759,,,,,,,,,,,,1.0
271,,,,,,,,,,,,1.0
137,,,,,,,,,,,,0.0
26,,,,,,,,,,,,0.0
566,,,,,,,,,,,,0.0
481,,,,,,,,,,,,0.0
414,,,,,,,,,,,,1.0
269,,,,,,,,,,,,1.0
389,,,,,,,,,,,,1.0
43,,,,,,,,,,,,1.0
784,,,,,,,,,,,,0.0
331,,,,,,,,,,,,0.0
17,,,,,,,,,,,,1.0
111,,,,,,,,,,,,0.0
555,,,,,,,,,,,,0.0
189,,,,,,,,,,,,0.0
243,,,,,,,,,,,,0.0
145,,,,,,,,,,,,0.0
327,,,,,,,,,,,,1.0
446,,,,,,,,,,,,1.0
275,,,,,,,,,,,,1.0
343,,,,,,,,,,,,0.0
392,,,,,,,,,,,,0.0
477,,,,,,,,,,,,0.0
487,,,,,,,,,,,,0.0
375,,,,,,,,,,,,1.0
366,,,,,,,,,,,,1.0
263,,,,,,,,,,,,0.0
864,,,,,,,,,,,,0.0
187,,,,,,,,,,,,1.0
466,,,,,,,,,,,,0.0
318,,,,,,,,,,,,1.0
619,,,,,,,,,,,,0.0
357,,,,,,,,,,,,0.0
162,,,,,,,,,,,,0.0
732,,,,,,,,,,,,0.0
709,,,,,,,,,,,,1.0
638,,,,,,,,,,,,0.0
198,,,,,,,,,,,,1.0
344,,,,,,,,,,,,0.0
283,,,,,,,,,,,,1.0
266,,,,,,,,,,,,0.0
393,,,,,,,,,,,,1.0
848,,,,,,,,,,,,0.0
562,,,,,,,,,,,,0.0
436,,,,,,,,,,,,0.0
421,,,,,,,,,,,,0.0
442,,,,,,,,,,,,0.0
775,,,,,,,,,,,,0.0
464,,,,,,,,,,,,0.0
767,,,,,,,,,,,,0.0
567,,,,,,,,,,,,0.0
854,,,,,,,,,,,,0.0
16,,,,,,,,,,,,0.0
862,,,,,,,,,,,,1.0
504,,,,,,,,,,,,1.0
324,,,,,,,,,,,,0.0
625,,,,,,,,,,,,0.0
108,,,,,,,,,,,,0.0
530,,,,,,,,,,,,1.0
687,,,,,,,,,,,,0.0
838,,,,,,,,,,,,1.0
107,,,,,,,,,,,,1.0
257,,,,,,,,,,,,1.0
702,,,,,,,,,,,,0.0
127,,,,,,,,,,,,1.0
103,,,,,,,,,,,,0.0
492,,,,,,,,,,,,0.0
120,,,,,,,,,,,,0.0
782,,,,,,,,,,,,0.0
247,,,,,,,,,,,,1.0
451,,,,,,,,,,,,0.0
753,,,,,,,,,,,,0.0
502,,,,,,,,,,,,0.0
157,,,,,,,,,,,,0.0
779,,,,,,,,,,,,1.0
736,,,,,,,,,,,,0.0
277,,,,,,,,,,,,0.0
532,,,,,,,,,,,,0.0
339,,,,,,,,,,,,0.0
441,,,,,,,,,,,,0.0
827,,,,,,,,,,,,1.0
762,,,,,,,,,,,,1.0
256,,,,,,,,,,,,1.0
890,,,,,,,,,,,,0.0
823,,,,,,,,,,,,1.0
665,,,,,,,,,,,,0.0
58,,,,,,,,,,,,1.0
606,,,,,,,,,,,,0.0
54,,,,,,,,,,,,0.0
584,,,,,,,,,,,,0.0
778,,,,,,,,,,,,0.0
384,,,,,,,,,,,,0.0
837,,,,,,,,,,,,0.0
632,,,,,,,,,,,,1.0
334,,,,,,,,,,,,1.0
538,,,,,,,,,,,,0.0
875,,,,,,,,,,,,1.0
707,,,,,,,,,,,,1.0
307,,,,,,,,,,,,1.0
4,,,,,,,,,,,,0.0
300,,,,,,,,,,,,1.0
835,,,,,,,,,,,,1.0
221,,,,,,,,,,,,0.0
48,,,,,,,,,,,,0.0
72,,,,,,,,,,,,0.0
40,,,,,,,,,,,,0.0
29,,,,,,,,,,,,0.0
612,,,,,,,,,,,,1.0
462,,,,,,,,,,,,0.0
115,,,,,,,,,,,,0.0
860,,,,,,,,,,,,0.0
428,,,,,,,,,,,,0.0
194,,,,,,,,,,,,1.0
729,,,,,,,,,,,,0.0
261,,,,,,,,,,,,1.0
660,,,,,,,,,,,,1.0
97,,,,,,,,,,,,1.0
549,,,,,,,,,,,,1.0
748,,,,,,,,,,,,0.0
649,,,,,,,,,,,,1.0
89,,,,,,,,,,,,0.0
226,,,,,,,,,,,,1.0
483,,,,,,,,,,,,1.0
94,,,,,,,,,,,,0.0
400,,,,,,,,,,,,1.0
325,,,,,,,,,,,,1.0
501,,,,,,,,,,,,0.0
232,,,,,,,,,,,,0.0
28,,,,,,,,,,,,1.0
371,,,,,,,,,,,,0.0
524,,,,,,,,,,,,0.0
328,,,,,,,,,,,,1.0
663,,,,,,,,,,,,0.0
387,,,,,,,,,,,,1.0
563,,,,,,,,,,,,0.0
470,,,,,,,,,,,,0.0
841,,,,,,,,,,,,0.0
855,,,,,,,,,,,,1.0
316,,,,,,,,,,,,1.0
148,,,,,,,,,,,,0.0
480,,,,,,,,,,,,0.0
152,,,,,,,,,,,,0.0
770,,,,,,,,,,,,0.0
792,,,,,,,,,,,,0.0
757,,,,,,,,,,,,0.0
453,,,,,,,,,,,,1.0
136,,,,,,,,,,,,1.0
624,,,,,,,,,,,,0.0
876,,,,,,,,,,,,0.0
106,,,,,,,,,,,,1.0
650,,,,,,,,,,,,0.0
636,,,,,,,,,,,,0.0
305,,,,,,,,,,,,1.0
819,,,,,,,,,,,,0.0
423,,,,,,,,,,,,0.0
595,,,,,,,,,,,,0.0
230,,,,,,,,,,,,1.0
768,,,,,,,,,,,,0.0
648,,,,,,,,,,,,0.0
242,,,,,,,,,,,,0.0
353,,,,,,,,,,,,0.0
146,,,,,,,,,,,,1.0
262,,,,,,,,,,,,0.0
273,,,,,,,,,,,,0.0
279,,,,,,,,,,,,1.0
777,,,,,,,,,,,,1.0
765,,,,,,,,,,,,1.0
264,,,,,,,,,,,,0.0
593,,,,,,,,,,,,0.0
105,,,,,,,,,,,,0.0
408,,,,,,,,,,,,0.0
714,,,,,,,,,,,,0.0
539,,,,,,,,,,,,1.0
303,,,,,,,,,,,,1.0
333,,,,,,,,,,,,0.0
482,,,,,,,,,,,,0.0
176,,,,,,,,,,,,0.0
882,,,,,,,,,,,,0.0
438,,,,,,,,,,,,0.0
66,,,,,,,,,,,,1.0
754,,,,,,,,,,,,1.0
788,,,,,,,,,,,,1.0
688,,,,,,,,,,,,0.0
330,,,,,,,,,,,,1.0
402,,,,,,,,,,,,0.0
202,,,,,,,,,,,,0.0
844,,,,,,,,,,,,0.0
531,,,,,,,,,,,,0.0
150,,,,,,,,,,,,0.0
596,,,,,,,,,,,,1.0
23,,,,,,,,,,,,1.0
53,,,,,,,,,,,,1.0
528,,,,,,,,,,,,0.0
787,,,,,,,,,,,,0.0
682,,,,,,,,,,,,0.0
284,,,,,,,,,,,,0.0
361,,,,,,,,,,,,0.0
833,,,,,,,,,,,,0.0
506,,,,,,,,,,,,1.0
554,,,,,,,,,,,,1.0
490,,,,,,,,,,,,0.0
315,,,,,,,,,,,,1.0
190,,,,,,,,,,,,1.0
467,,,,,,,,,,,,0.0
359,,,,,,,,,,,,1.0
883,,,,,,,,,,,,0.0
586,,,,,,,,,,,,0.0
494,,,,,,,,,,,,0.0
717,,,,,,,,,,,,1.0
766,,,,,,,,,,,,0.0
335,,,,,,,,,,,,0.0
236,,,,,,,,,,,,0.0
573,,,,,,,,,,,,1.0
225,,,,,,,,,,,,0.0
31,,,,,,,,,,,,1.0
503,,,,,,,,,,,,0.0
460,,,,,,,,,,,,1.0
608,,,,,,,,,,,,1.0
21,,,,,,,,,,,,1.0
651,,,,,,,,,,,,1.0
810,,,,,,,,,,,,0.0
416,,,,,,,,,,,,1.0
605,,,,,,,,,,,,0.0
536,,,,,,,,,,,,0.0
458,,,,,,,,,,,,1.0
617,,,,,,,,,,,,0.0
519,,,,,,,,,,,,0.0
285,,,,,,,,,,,,0.0
163,,,,,,,,,,,,0.0
244,,,,,,,,,,,,0.0
435,,,,,,,,,,,,1.0
463,,,,,,,,,,,,0.0
13,,,,,,,,,,,,0.0
149,,,,,,,,,,,,0.0
306,,,,,,,,,,,,1.0
172,,,,,,,,,,,,1.0
807,,,,,,,,,,,,0.0
224,,,,,,,,,,,,1.0
602,,,,,,,,,,,,0.0
769,,,,,,,,,,,,0.0
568,,,,,,,,,,,,0.0
104,,,,,,,,,,,,0.0
426,,,,,,,,,,,,1.0
710,,,,,,,,,,,,1.0
188,,,,,,,,,,,,0.0
744,,,,,,,,,,,,1.0
434,,,,,,,,,,,,0.0
498,,,,,,,,,,,,0.0
564,,,,,,,,,,,,0.0
658,,,,,,,,,,,,0.0
445,,,,,,,,,,,,1.0
195,,,,,,,,,,,,1.0
571,,,,,,,,,,,,1.0
601,,,,,,,,,,,,0.0
274,,,,,,,,,,,,1.0
578,,,,,,,,,,,,0.0
57,,,,,,,,,,,,0.0
406,,,,,,,,,,,,0.0
795,,,,,,,,,,,,0.0
138,,,,,,,,,,,,0.0
33,,,,,,,,,,,,0.0
297,,,,,,,,,,,,0.0
65,,,,,,,,,,,,1.0
872,,,,,,,,,,,,0.0
281,,,,,,,,,,,,0.0
849,,,,,,,,,,,,1.0
175,,,,,,,,,,,,0.0
813,,,,,,,,,,,,0.0
817,,,,,,,,,,,,0.0
713,,,,,,,,,,,,0.0
739,,,,,,,,,,,,0.0
360,,,,,,,,,,,,0.0
252,,,,,,,,,,,,0.0
320,,,,,,,,,,,,0.0
730,,,,,,,,,,,,1.0
834,,,,,,,,,,,,0.0
112,,,,,,,,,,,,0.0
756,,,,,,,,,,,,0.0
219,,,,,,,,,,,,0.0
90,,,,,,,,,,,,0.0
337,,,,,,,,,,,,1.0
824,,,,,,,,,,,,0.0
672,,,,,,,,,,,,0.0
592,,,,,,,,,,,,0.0
457,,,,,,,,,,,,1.0
668,,,,,,,,,,,,0.0
699,,,,,,,,,,,,0.0
98,,,,,,,,,,,,1.0
843,,,,,,,,,,,,0.0
169,,,,,,,,,,,,0.0
447,,,,,,,,,,,,1.0
329,,,,,,,,,,,,1.0
814,,,,,,,,,,,,0.0
124,,,,,,,,,,,,0.0
728,,,,,,,,,,,,0.0
456,,,,,,,,,,,,0.0
62,,,,,,,,,,,,0.0
142,,,,,,,,,,,,1.0
868,,,,,,,,,,,,0.0
373,,,,,,,,,,,,0.0
745,,,,,,,,,,,,0.0
804,,,,,,,,,,,,1.0
594,,,,,,,,,,,,0.0
143,,,,,,,,,,,,0.0
228,,,,,,,,,,,,0.0
199,,,,,,,,,,,,0.0
95,,,,,,,,,,,,0.0
295,,,,,,,,,,,,0.0
878,,,,,,,,,,,,0.0
336,,,,,,,,,,,,0.0
78,,,,,,,,,,,,1.0
497,,,,,,,,,,,,0.0
374,,,,,,,,,,,,0.0
372,,,,,,,,,,,,0.0
866,,,,,,,,,,,,1.0
378,,,,,,,,,,,,0.0
829,,,,,,,,,,,,1.0
569,,,,,,,,,,,,1.0
522,,,,,,,,,,,,0.0
170,,,,,,,,,,,,0.0
671,,,,,,,,,,,,0.0
132,,,,,,,,,,,,0.0
799,,,,,,,,,,,,0.0
553,,,,,,,,,,,,1.0
234,,,,,,,,,,,,0.0
734,,,,,,,,,,,,0.0
459,,,,,,,,,,,,0.0
214,,,,,,,,,,,,0.0
24,,,,,,,,,,,,0.0
789,,,,,,,,,,,,0.0
755,,,,,,,,,,,,1.0
758,,,,,,,,,,,,0.0
561,,,,,,,,,,,,0.0
280,,,,,,,,,,,,0.0
740,,,,,,,,,,,,1.0
772,,,,,,,,,,,,0.0
719,,,,,,,,,,,,0.0
727,,,,,,,,,,,,1.0
76,,,,,,,,,,,,0.0
743,,,,,,,,,,,,0.0
621,,,,,,,,,,,,1.0
517,,,,,,,,,,,,0.0
432,,,,,,,,,,,,1.0
802,,,,,,,,,,,,1.0
289,,,,,,,,,,,,1.0
350,,,,,,,,,,,,0.0
60,,,,,,,,,,,,0.0
533,,,,,,,,,,,,1.0
81,,,,,,,,,,,,1.0
77,,,,,,,,,,,,0.0
20,,,,,,,,,,,,0.0
610,,,,,,,,,,,,0.0
559,,,,,,,,,,,,1.0
193,,,,,,,,,,,,1.0
347,,,,,,,,,,,,1.0
751,,,,,,,,,,,,1.0
401,,,,,,,,,,,,0.0
489,,,,,,,,,,,,1.0
752,,,,,,,,,,,,0.0
388,,,,,,,,,,,,0.0
272,,,,,,,,,,,,1.0
164,,,,,,,,,,,,0.0
87,,,,,,,,,,,,0.0
301,,,,,,,,,,,,1.0
79,,,,,,,,,,,,1.0
735,,,,,,,,,,,,0.0
70,,,,,,,,,,,,0.0
3,,,,,,,,,,,,1.0
180,,,,,,,,,,,,0.0
133,,,,,,,,,,,,1.0
37,,,,,,,,,,,,0.0
484,,,,,,,,,,,,1.0
816,,,,,,,,,,,,0.0
622,,,,,,,,,,,,1.0
245,,,,,,,,,,,,0.0
673,,,,,,,,,,,,1.0
629,,,,,,,,,,,,0.0
321,,,,,,,,,,,,0.0
806,,,,,,,,,,,,0.0
880,,,,,,,,,,,,1.0
505,,,,,,,,,,,,0.0
471,,,,,,,,,,,,0.0
215,,,,,,,,,,,,1.0
67,,,,,,,,,,,,0.0
155,,,,,,,,,,,,0.0
609,,,,,,,,,,,,1.0
313,,,,,,,,,,,,0.0
235,,,,,,,,,,,,0.0
220,,,,,,,,,,,,1.0
597,,,,,,,,,,,,0.0
125,,,,,,,,,,,,1.0
100,,,,,,,,,,,,0.0
543,,,,,,,,,,,,1.0
645,,,,,,,,,,,,1.0
885,,,,,,,,,,,,0.0
857,,,,,,,,,,,,1.0
828,,,,,,,,,,,,1.0
1,,,,,,,,,,,,1.0
385,,,,,,,,,,,,0.0
653,,,,,,,,,,,,1.0
634,,,,,,,,,,,,0.0
820,,,,,,,,,,,,1.0
296,,,,,,,,,,,,0.0
417,,,,,,,,,,,,1.0
712,,,,,,,,,,,,1.0
253,,,,,,,,,,,,0.0
222,,,,,,,,,,,,0.0
166,,,,,,,,,,,,1.0
308,,,,,,,,,,,,0.0
41,,,,,,,,,,,,0.0
542,,,,,,,,,,,,0.0
292,,,,,,,,,,,,0.0
590,,,,,,,,,,,,0.0
556,,,,,,,,,,,,1.0
293,,,,,,,,,,,,0.0
700,,,,,,,,,,,,1.0
433,,,,,,,,,,,,0.0
39,,,,,,,,,,,,1.0
96,,,,,,,,,,,,0.0
178,,,,,,,,,,,,0.0
302,,,,,,,,,,,,0.0
565,,,,,,,,,,,,0.0
239,,,,,,,,,,,,0.0
614,,,,,,,,,,,,0.0
35,,,,,,,,,,,,0.0
760,,,,,,,,,,,,0.0
365,,,,,,,,,,,,0.0
623,,,,,,,,,,,,0.0
429,,,,,,,,,,,,1.0
750,,,,,,,,,,,,1.0
259,,,,,,,,,,,,1.0
635,,,,,,,,,,,,1.0
640,,,,,,,,,,,,0.0
780,,,,,,,,,,,,1.0
351,,,,,,,,,,,,0.0
49,,,,,,,,,,,,0.0
131,,,,,,,,,,,,0.0
839,,,,,,,,,,,,1.0
669,,,,,,,,,,,,1.0
114,,,,,,,,,,,,0.0
785,,,,,,,,,,,,0.0
139,,,,,,,,,,,,0.0
818,,,,,,,,,,,,0.0
326,,,,,,,,,,,,0.0
676,,,,,,,,,,,,0.0
540,,,,,,,,,,,,1.0
675,,,,,,,,,,,,0.0
411,,,,,,,,,,,,0.0
859,,,,,,,,,,,,0.0
726,,,,,,,,,,,,1.0
499,,,,,,,,,,,,0.0
662,,,,,,,,,,,,0.0
267,,,,,,,,,,,,1.0
510,,,,,,,,,,,,1.0
413,,,,,,,,,,,,0.0
620,,,,,,,,,,,,0.0
825,,,,,,,,,,,,0.0
260,,,,,,,,,,,,0.0
278,,,,,,,,,,,,0.0
212,,,,,,,,,,,,0.0
615,,,,,,,,,,,,1.0
121,,,,,,,,,,,,0.0
86,,,,,,,,,,,,0.0
731,,,,,,,,,,,,0.0
679,,,,,,,,,,,,1.0
887,,,,,,,,,,,,1.0
670,,,,,,,,,,,,1.0
237,,,,,,,,,,,,1.0
396,,,,,,,,,,,,0.0
877,,,,,,,,,,,,0.0
800,,,,,,,,,,,,0.0
342,,,,,,,,,,,,0.0
716,,,,,,,,,,,,1.0
706,,,,,,,,,,,,1.0
238,,,,,,,,,,,,0.0
18,,,,,,,,,,,,0.0
708,,,,,,,,,,,,1.0
177,,,,,,,,,,,,0.0
851,,,,,,,,,,,,0.0
642,,,,,,,,,,,,0.0
156,,,,,,,,,,,,1.0
677,,,,,,,,,,,,1.0
427,,,,,,,,,,,,1.0
165,,,,,,,,,,,,1.0
683,,,,,,,,,,,,0.0
473,,,,,,,,,,,,1.0
521,,,,,,,,,,,,0.0
514,,,,,,,,,,,,0.0
468,,,,,,,,,,,,0.0
491,,,,,,,,,,,,0.0
25,,,,,,,,,,,,1.0
403,,,,,,,,,,,,0.0
509,,,,,,,,,,,,1.0
550,,,,,,,,,,,,1.0
282,,,,,,,,,,,,0.0
840,,,,,,,,,,,,0.0
22,,,,,,,,,,,,1.0
715,,,,,,,,,,,,0.0
7,,,,,,,,,,,,0.0
5,,,,,,,,,,,,0.0
110,,,,,,,,,,,,0.0
541,,,,,,,,,,,,0.0
741,,,,,,,,,,,,0.0
59,,,,,,,,,,,,0.0
507,,,,,,,,,,,,1.0
831,,,,,,,,,,,,1.0
881,,,,,,,,,,,,0.0
574,,,,,,,,,,,,0.0
654,,,,,,,,,,,,0.0
691,,,,,,,,,,,,1.0
520,,,,,,,,,,,,1.0
655,,,,,,,,,,,,0.0
223,,,,,,,,,,,,0.0
227,,,,,,,,,,,,0.0
809,,,,,,,,,,,,1.0
151,,,,,,,,,,,,1.0
797,,,,,,,,,,,,1.0
422,,,,,,,,,,,,0.0
255,,,,,,,,,,,,1.0
830,,,,,,,,,,,,1.0
694,,,,,,,,,,,,0.0
355,,,,,,,,,,,,0.0
853,,,,,,,,,,,,1.0
102,,,,,,,,,,,,0.0
711,,,,,,,,,,,,0.0
544,,,,,,,,,,,,0.0
209,,,,,,,,,,,,1.0
576,,,,,,,,,,,,1.0
695,,,,,,,,,,,,0.0
661,,,,,,,,,,,,0.0
118,,,,,,,,,,,,0.0
724,,,,,,,,,,,,1.0
639,,,,,,,,,,,,0.0
27,,,,,,,,,,,,0.0
345,,,,,,,,,,,,1.0
513,,,,,,,,,,,,1.0
128,,,,,,,,,,,,1.0
588,,,,,,,,,,,,0.0
611,,,,,,,,,,,,0.0
75,,,,,,,,,,,,0.0
718,,,,,,,,,,,,0.0
633,,,,,,,,,,,,0.0
368,,,,,,,,,,,,1.0
618,,,,,,,,,,,,1.0
535,,,,,,,,,,,,1.0
216,,,,,,,,,,,,1.0
134,,,,,,,,,,,,0.0
51,,,,,,,,,,,,0.0
845,,,,,,,,,,,,0.0
84,,,,,,,,,,,,1.0
10,,,,,,,,,,,,1.0
681,,,,,,,,,,,,1.0
354,,,,,,,,,,,,0.0
821,,,,,,,,,,,,1.0
314,,,,,,,,,,,,0.0
551,,,,,,,,,,,,0.0
249,,,,,,,,,,,,0.0
583,,,,,,,,,,,,0.0
381,,,,,,,,,,,,1.0
836,,,,,,,,,,,,0.0
867,,,,,,,,,,,,0.0
369,,,,,,,,,,,,1.0
486,,,,,,,,,,,,1.0
341,,,,,,,,,,,,1.0
50,,,,,,,,,,,,0.0
443,,,,,,,,,,,,1.0
599,,,,,,,,,,,,1.0
786,,,,,,,,,,,,1.0
217,,,,,,,,,,,,0.0
527,,,,,,,,,,,,0.0
774,,,,,,,,,,,,1.0
674,,,,,,,,,,,,0.0
210,,,,,,,,,,,,0.0
801,,,,,,,,,,,,1.0
742,,,,,,,,,,,,1.0
356,,,,,,,,,,,,1.0
722,,,,,,,,,,,,0.0
846,,,,,,,,,,,,0.0
886,,,,,,,,,,,,0.0
8,,,,,,,,,,,,1.0
251,,,,,,,,,,,,0.0
304,,,,,,,,,,,,0.0
888,,,,,,,,,,,,0.0
678,,,,,,,,,,,,0.0
680,,,,,,,,,,,,0.0
415,,,,,,,,,,,,0.0
832,,,,,,,,,,,,0.0
826,,,,,,,,,,,,0.0
703,,,,,,,,,,,,0.0
409,,,,,,,,,,,,0.0
338,,,,,,,,,,,,1.0
122,,,,,,,,,,,,0.0
469,,,,,,,,,,,,1.0
250,,,,,,,,,,,,0.0
158,,,,,,,,,,,,0.0
440,,,,,,,,,,,,1.0
628,,,,,,,,,,,,0.0
73,,,,,,,,,,,,0.0
288,,,,,,,,,,,,1.0
241,,,,,,,,,,,,1.0
560,,,,,,,,,,,,0.0
500,,,,,,,,,,,,0.0
126,,,,,,,,,,,,0.0
397,,,,,,,,,,,,0.0
88,,,,,,,,,,,,1.0
585,,,,,,,,,,,,1.0
404,,,,,,,,,,,,0.0
405,,,,,,,,,,,,0.0
659,,,,,,,,,,,,0.0
346,,,,,,,,,,,,1.0
85,,,,,,,,,,,,1.0
418,,,,,,,,,,,,0.0
572,,,,,,,,,,,,1.0
370,,,,,,,,,,,,1.0
704,,,,,,,,,,,,0.0
317,,,,,,,,,,,,0.0
449,,,,,,,,,,,,1.0
525,,,,,,,,,,,,0.0
204,,,,,,,,,,,,1.0
557,,,,,,,,,,,,0.0
129,,,,,,,,,,,,0.0
410,,,,,,,,,,,,0.0
747,,,,,,,,,,,,1.0
444,,,,,,,,,,,,1.0
69,,,,,,,,,,,,0.0
383,,,,,,,,,,,,1.0
479,,,,,,,,,,,,1.0
570,,,,,,,,,,,,1.0
186,,,,,,,,,,,,1.0
11,,,,,,,,,,,,1.0
233,,,,,,,,,,,,1.0
270,,,,,,,,,,,,0.0
113,,,,,,,,,,,,0.0
407,,,,,,,,,,,,1.0
286,,,,,,,,,,,,1.0
92,,,,,,,,,,,,0.0
135,,,,,,,,,,,,0.0
340,,,,,,,,,,,,1.0
161,,,,,,,,,,,,1.0
791,,,,,,,,,,,,0.0
38,,,,,,,,,,,,0.0
154,,,,,,,,,,,,0.0
641,,,,,,,,,,,,1.0
627,,,,,,,,,,,,1.0
80,,,,,,,,,,,,0.0
141,,,,,,,,,,,,1.0
450,,,,,,,,,,,,0.0
117,,,,,,,,,,,,0.0
71,,,,,,,,,,,,0.0
9,,,,,,,,,,,,1.0
545,,,,,,,,,,,,0.0
647,,,,,,,,,,,,1.0
603,,,,,,,,,,,,0.0
6,,,,,,,,,,,,0.0
246,,,,,,,,,,,,0.0
168,,,,,,,,,,,,0.0
696,,,,,,,,,,,,0.0
616,,,,,,,,,,,,0.0
852,,,,,,,,,,,,0.0
218,,,,,,,,,,,,1.0
763,,,,,,,,,,,,1.0
179,,,,,,,,,,,,0.0
322,,,,,,,,,,,,1.0
185,,,,,,,,,,,,0.0
613,,,,,,,,,,,,0.0
783,,,,,,,,,,,,0.0
15,,,,,,,,,,,,1.0
119,,,,,,,,,,,,0.0
693,,,,,,,,,,,,0.0
861,,,,,,,,,,,,0.0
552,,,,,,,,,,,,0.0
61,,,,,,,,,,,,1.0
511,,,,,,,,,,,,0.0
879,,,,,,,,,,,,1.0
294,,,,,,,,,,,,0.0
529,,,,,,,,,,,,0.0
598,,,,,,,,,,,,0.0
646,,,,,,,,,,,,0.0
689,,,,,,,,,,,,1.0
448,,,,,,,,,,,,1.0
721,,,,,,,,,,,,0.0
248,,,,,,,,,,,,1.0
377,,,,,,,,,,,,0.0
607,,,,,,,,,,,,1.0
130,,,,,,,,,,,,0.0
254,,,,,,,,,,,,0.0
93,,,,,,,,,,,,0.0
493,,,,,,,,,,,,0.0
197,,,,,,,,,,,,0.0
211,,,,,,,,,,,,1.0
626,,,,,,,,,,,,0.0
367,,,,,,,,,,,,1.0
738,,,,,,,,,,,,0.0
430,,,,,,,,,,,,1.0
591,,,,,,,,,,,,1.0
268,,,,,,,,,,,,1.0
811,,,,,,,,,,,,0.0
140,,,,,,,,,,,,0.0
733,,,,,,,,,,,,0.0
856,,,,,,,,,,,,1.0
889,,,,,,,,,,,,1.0
631,,,,,,,,,,,,0.0
0,,,,,,,,,,,,0.0
496,,,,,,,,,,,,1.0
579,,,,,,,,,,,,1.0
323,,,,,,,,,,,,1.0
858,,,,,,,,,,,,1.0
420,,,,,,,,,,,,0.0
398,,,,,,,,,,,,0.0
452,,,,,,,,,,,,0.0
362,,,,,,,,,,,,0.0
600,,,,,,,,,,,,1.0
380,,,,,,,,,,,,1.0
873,,,,,,,,,,,,0.0
395,,,,,,,,,,,,0.0
558,,,,,,,,,,,,1.0
391,,,,,,,,,,,,1.0
874,,,,,,,,,,,,1.0
465,,,,,,,,,,,,0.0
160,,,,,,,,,,,,0.0
309,,,,,,,,,,,,1.0
871,,,,,,,,,,,,1.0
761,,,,,,,,,,,,0.0
808,,,,,,,,,,,,0.0
184,,,,,,,,,,,,1.0
42,,,,,,,,,,,,0.0
746,,,,,,,,,,,,0.0
796,,,,,,,,,,,,1.0
116,,,,,,,,,,,,0.0
705,,,,,,,,,,,,0.0
167,,,,,,,,,,,,0.0
46,,,,,,,,,,,,0.0
437,,,,,,,,,,,,1.0
213,,,,,,,,,,,,0.0
790,,,,,,,,,,,,0.0
390,,,,,,,,,,,,1.0
581,,,,,,,,,,,,1.0
386,,,,,,,,,,,,0.0
512,,,,,,,,,,,,1.0
686,,,,,,,,,,,,0.0
207,,,,,,,,,,,,1.0
776,,,,,,,,,,,,0.0
276,,,,,,,,,,,,0.0
82,,,,,,,,,,,,1.0
192,,,,,,,,,,,,1.0
19,,,,,,,,,,,,1.0
652,,,,,,,,,,,,0.0
685,,,,,,,,,,,,0.0
99,,,,,,,,,,,,0.0
495,,,,,,,,,,,,0.0
